col0,col1,col2,col3
UW Canis Majoris,136,109.668248705712,530
Saiph,43,86.93912016833,245
Alnilam,42,84.053388941,366
Rigel,37,78.634467067,860
