col0,col1,col2,col3,col4
NGC 4235,2423,7.19157363632,Virgo Cluster,0.158
Messier 61,1567,4.473774537722,[CHM2007] HDC 720,0.7805
AB Aurigae,8.9,30.5511925781404,Taurus Molecular Cloud,6.14
Messier 61,1567,4.473774537722,Virgo Cluster,0.7805
