col0,col1,col2,col3,col4
rubidium-103,-33608,37,102.96392,66
rubidium-102,-37707,37,101.95952,65
rubidium-101,-42845,37,100.954004,64
rubidium-100,-46247.064,37,99.950351731,63
rubidium-99,-51121.143,37,98.945119192,62
rubidium-98,-54369.146,37,97.941632317,61
rubidium-97,-58519.137,37,96.937177118,60
rubidium-96,-61354.349,37,95.934133393,59
rubidium-95,-65891.493,37,94.929262568,58
rubidium-94,-68562.785,37,93.926394818,57
