col0,col1,col2,col3,col4,col5,col6,col7
caesium-151,-34230,barium-150,96,dasdasj,55,1209963,150.963253
caesium-150,-38170,barium-149,95,dasdasj,55,1205850,149.959023
caesium-149,-43250,barium-148,94,dasdasj,55,1202877,148.953569
caesium-148,-46910.942,barium-147,93,dasdasj,55,1198436.808,147.949639029
caesium-147,-51920.064,barium-146,92,dasdasj,55,1195374.6,146.944261515
caesium-146,-55310.372,barium-145,91,dasdasj,55,1190693.656,145.94062187
