col0,col1,col2,col3,col4,col5
KIC 7900418,Cygnus,-0.07,3050.6406,43.674958083024,126
V897 Her,Hercules,-0.03,234.9569,7.7489205229993,34.1
V* GR Dra,Draco,-0.12,137.9767,59.0353469052819,7
V* EU Dra,Draco,-0.07,278.6291,63.873889534262,8.5
