col0,col1,col2,col3,col4,col5
Tupi,4.4,1490000,7.11,-52.91583781860305,-0.933
HD 154345,5.483,1180000,6.74,47.08187852193139,-47.04
HD 27894,6.225,1100000,9.42,-59.410839750485,82.694
Gliese 412,14.92,600000,10.34,43.526775397,68.76
Gliese 777,4.73,1560000,5.71,29.89680425861,-45.14
Kapteyn's Star,10.43,475000,8.853,-45.01843165440945,244.99
Mu Arae,4.28,1840000,5.15,-51.83405306920083,-9.39
