col0,col1,col2,col3,col4,col5,col6
bismuth-203,11.76,thallium-199,-21524.827,202.976892145,-1,83
bismuth-202,1.71,thallium-198,-20741.484,201.9777331,1,83
bismuth-201,103,thallium-197,-21416.433,200.977008512,-1,83
bismuth-197,9.33,thallium-193,-19687.191,196.978864929,-1,83
bismuth-196,308,thallium-192,-18009.031,195.980666509,1,83
bismuth-195,183,thallium-191,-18025.561,194.980648762,-1,83
