col0,col1,col2,col3,col4,col5,col6,col7
V4381 Sagittarii,-1.498,-21.4495593826805,J2000.0,infrared source,272.1607751569288,-16,0.5674
HD 92207,-7.397,-58.7333375906908,J2000.0,infrared source,159.3627841431903,-8.5,0.4601
HD 14433,-0.908,57.2429153351274,J2000.0,pulsating variable star,35.4809802307362,-47.3,0.3525
DS Crucis,-4.718,-60.3297872096459,J2000.0,pulsating variable star,192.8249009495508,-21.9,0.3041
9 Persei,-1.798,55.8456532695542,J2000.0,pulsating variable star,35.5893117395513,-14.3,0.7603
V4381 Sagittarii,-1.498,-21.4495593826805,J2000.0,pulsating variable star,272.1607751569288,-16,0.5674
HD 92207,-7.397,-58.7333375906908,J2000.0,pulsating variable star,159.3627841431903,-8.5,0.4601
CD-60 6745,-51.085,-61.0369057516134,J2000.0,supergiant,265.0283509983981,255.02,0.8713
[HS80] B182,-0.24,30.5892757274005,J2000.0,supergiant,23.4044013894821,-89.2,0.2686
