col0,col1,col2,col3,col4,col5
2MASS J19503280+4010153,870,Red Giant Branch star,4800,-28.78,297.6366804970562
2MASS J19002573+4537087,380,Red Giant Branch star,4801,18.86,285.1072569250158
2MASS J19395696+4334456,340,Red Giant Branch star,4865,-42.79,294.9873503052093
2MASS J19264357+4807193,660,Red Giant Branch star,5236,-227.49,291.6815848426463
2MASS J19141637+4232025,660,Red Giant Branch star,4880,-39.02,288.5682184612177
2MASS J19453187+4724345,794,Red Giant Branch star,4867,-46.29,296.3827957059777
2MASS J19283666+4056278,390,Red Giant Branch star,4778,20.8,292.1527538080932
2MASS J19371884+4346391,420,Red Giant Branch star,4878,-59.6,294.3285299751086
