col0,col1,col2,col3,col4,col5,col6,col7
zirconium-86,740808.386,40,yttrium-86,85.916296815,1,16.5,-77969.014
zirconium-85,727943.315,40,yttrium-85,84.921443198,1,7.86,-73175.189
zirconium-84,718118.436,40,yttrium-84,83.923325662,1,25.8,-71421.686
zirconium-83,704537.117,40,yttrium-83,82.929240925,-1,41.6,-65911.654
zirconium-82,694185.432,40,yttrium-82,81.931689,1,32,-63631.287
zirconium-81,679942.998,40,yttrium-81,80.938314,-1,5.5,-57460.139
