col0,col1,col2,col3,col4,col5,col6
HD 171247,-9.657,J2000.0,2630,Ophiuchus,8.2682496776252,0.62
69 Pegasi,-36.839,J2000.0,5200,Pegasus,25.1672790622635,-0.06
Kappa Piscium,-95.721,J2000.0,5100,Pisces,1.2556039787436,0.78
BX Boötis,-9.368,J2000.0,31600,Boötes,47.2774425460478,0.63
