col0,col1,col2,col3
2MASS J09125900+0934372,60,-0.00001,9.3746
2MASS J09291487+0725190,35,-0.00005,8.3972
2MASS J09103090+3143388,17,0.00012,9.962
2MASS J07422750+4126211,50,0.00005,19.4741
2MASS J09080457+0836459,21,-0.00006,25.3124
2MASS J08511660+0632088,39,0.00003,4.4736
2MASS J09390109+3333503,44,-0.00004,7.5107
2MASS J09061383+3116479,22,-0.00011,5.9892
2MASS J07591043+2427136,61.5,-0.00029,14.8519
2MASS J09332805+2654495,-8,-0.00039,12.813
