col0,col1,col2,col3,col4,col5
HD 58337,carbon star,4582,Gemini,21.9127822796987,0.9623
HD 173409,carbon star,5040,Sagittarius,-31.3422451862837,0.4999
HE 1443-0503,carbon star,4750,Virgo,-5.2724264561988,0.3103
C* 718,carbon star,4500,Canis Major,-27.0580243674185,0.0253
HD 269343,carbon star,4762,Mensa,-71.430143150966,0.5371
IRAS 08396-5005,carbon star,4176,Vela,-50.2718132433712,0.046
