col0,col1,col2,col3,col4,col5
strontium-89,-86209.017,yttrium-89,51,88.907,774827.058
strontium-83,-76797.606,rubidium-83,45,82.917554374,716987.781
strontium-94,-78845.711,yttrium-94,56,93.915355643,807820.396
strontium-85,-81103.28,rubidium-85,47,84.912932043,737436.03
