col0,col1,col2,col3,col4,col5,col6,col7
actinium-227,227.027750666,89,1736710.489,thorium-227,138,-1,actinium
actinium-224,224.021722239,89,1718112.032,thorium-224,135,-1,actinium
actinium-233,233.044346,89,1769679.969,thorium-233,144,1,actinium
actinium-229,229.032947,89,1748012.876,thorium-229,140,1,actinium
