col0,col1,col2,col3,col4,col5
erbium-149,81,148.942306,erbium,1,1203168.295
erbium-148,80,147.944735029,erbium,1,1192834.416
erbium-147,79,146.949964458,erbium,1,1179891.825
erbium-146,78,145.952418359,erbium,1,1169534.752
erbium-145,77,144.957874,erbium,1,1156375
erbium-144,76,143.9607,erbium,1,1145664
erbium-142,74,141.969909,erbium,1,1120948
