col0,col1,col2,col3,col4,col5,col6,col7
Cl* NGC 5139 SAW V225,Centaurus,20,201.7595333,16.979,19500,SX Phoenicis variable,-47.4102444
Cl* NGC 5139 SAW V198,Centaurus,34,201.6439083,17.418,19500,SX Phoenicis variable,-47.5177
Cl* NGC 5139 SAW V310,Centaurus,48,201.6323292,16.866,14500,SX Phoenicis variable,-47.5326194
[MLF2014] 138261,Centaurus,27,201.8151439377407,16.711,11000,SX Phoenicis variable,-47.4096675589327
