col0,col1,col2,col3,col4
TYC 3558-2329-1,827.3352,7200,298.773809660418,-21.5
TYC 3558-958-1,1291.9897,7800,300.715292802982,-3.6
KOI-4272,589.2752,9800,299.0865908729787,12.26
TYC 3558-1803-1,1341.0219,6900,299.982134649475,-36.9
TYC 3558-2397-1,958.1297,6600,298.3636947383197,-10.9
HD 183829,750.7508,1600,292.3241856910908,3.5
