col0,col1,col2,col3,col4
cobalt-63,27.4,62.933599744,-61851.44,3.5
cobalt-62,1.5,61.934058317,-61424.282,2
cobalt-61,1.65,60.932476145,-62898.066,3.5
cobalt-58,70.86,57.935751429,-59847.158,2
cobalt-57,271.74,56.936289913,-59345.564,3.5
cobalt-56,77.236,55.93983815,-56040.402,4
