col0,col1,col2,col3
BD+47 2773,108,47.8959226590808,0.03
TYC 3558-790-1,231,45.6176580596593,-0.14
TYC 3558-1324-1,139,45.8682455675308,0.12
TYC 3558-2397-1,210,45.7209966153375,-0.23
HD 183829,249,46.3572568338199,-0.2
TYC 3146-1441-1,277,44.4406159366391,-0.05
TYC 3146-802-1,163,44.6690309954123,-0.13
