col0,col1,col2,col3,col4
terbium-159,94,158.925353933,terbium,1302019.2
gadolinium-156,92,155.922130562,gadolinium,1281590.232
gadolinium-155,91,154.922629796,gadolinium,1273053.905
neodymium-148,88,147.916899093,neodymium,1225022.196
neodymium-142,82,141.907728895,neodymium,1185136.26
