col0,col1,col2,col3
ytterbium-171,0.1409,-59306.81,-1
ytterbium-170,0.02982,-60763.919,1
ytterbium-168,0.00123,-61581.901,1
hafnium-180,0.3508,-49779.348,1
hafnium-179,0.1362,-50462.907,1
hafnium-178,0.2728,-52435.236,1
hafnium-177,0.186,-52880.616,-1
hafnium-176,0.0526,-54576.321,1
lead-208,0.524,-21748.598,1
thulium-169,1,-61275.212,1
