col0,col1,col2,col3
chlorine-30,30,30.00477,13
chlorine-29,20,29.014130178,12
chlorine-43,3.13,42.9740637,26
chlorine-42,6.8,41.973342,25
