col0,col1,col2,col3,col4
LMC X-1,84.9117858044154,14.5,astrophysical X-ray source,221
Centaurus X-3,170.3128834862825,12.8929,astrophysical X-ray source,39
A0620-00,95.6855917981057,11.2,astrophysical X-ray source,-5
LMC X-1,84.9117858044154,14.5,spectroscopic binary star,221
Centaurus X-3,170.3128834862825,12.8929,spectroscopic binary star,39
A0620-00,95.6855917981057,11.2,astronomical radio source,-5
4U 1954+31,298.9264081562035,9.97,high mass X-ray binary,5.8
2XMM J001544.2-391208,3.9346664656602,20.28,high mass X-ray binary,171536
