col0,col1,col2,col3,col4,col5,col6
HD 120476B,3.6,flare star,7.66,26.9789474300067,HD 120476,J2000.0
ADS 7251 B,2.3,infrared source,7.81,52.6863628112122,ADS 7251,J2000.0
61 Cygni A,4,infrared source,-0.21,38.7494158400991,61 Cygni,J2000.0
Gliese 79,7.2,infrared source,7.88,-22.4348582565078,Hyades Stream,J2000.0
9 Ceti,8.2,infrared source,0.21,-12.2094367708036,Hyades Stream,J2000.0
HD 283750,8,infrared source,7.96,27.13219397550333,** GIC 49,J2000.0
GJ 3379,4.9,infrared source,0.07,2.7065546607807,Hyades Stream,J2000.0
