col0,col1,col2,col3,col4
titanium-46,-44127.799,stable isotope,398196.746,45.952626856
titanium-47,-44937.364,stable isotope,407077.669,46.951757752
titanium-49,-48563.787,stable isotope,426846.693,48.947864627
titanium-48,-48492.709,stable isotope,418704.288,47.947940932
titanium-50,-51431.66,stable isotope,437785.9,49.944785839
titanium-64,-1025,isotope of titanium,500352,63.9989
titanium-63,-5750,isotope of titanium,497007,62.993827
