col0,col1,col2,col3,col4,col5
109 Piscium b,-104.889,0.099,20.08314896006611,Pisces,109 Piscium
HD 4113 Ab,-114.176,0.903,-37.98263316873028,Sculptor,HD 4113
HD 109749 b,-157.374,0.01,-40.81211788062333,Centaurus,HD 109749
51 Pegasi b,62.094,0.013,20.76882840019833,Pegasus,51 Pegasi
