col0,col1,col2,col3,col4,col5,col6,col7
Gamma Cassiopeiae,-3.92,-4.8,Cassiopeia,117,star,27990,14.17721542
77 Piscium,-126.603,-7.21,Pisces,45.0588,high proper-motion star,6514,16.4551165700888
EBLM J0555-57,-39.713,23.419,Pictor,200.346,triple star system,6038,88.886195
77 Piscium,-126.603,-7.21,Pisces,45.0588,triple star system,6514,16.4551165700888
