col0,col1,col2,col3,col4
cobalt-75,150,74.96817,-29649,3.5
cobalt-74,25,73.964766,-32820,0
cobalt-72,59.9,71.956844,-40200,6
cobalt-71,80,70.952366923,-44369.926,3.5
