col0,col1,col2,col3,col4,col5,col6,col7
Arp 193,10.929,Canes Venatici,J2000.0,Stéphane Javelle,0.02306,200.1474167,104.7
IC 342,9.1,Camelopardalis,J2000.0,William Frederick Denning,0.000103,56.7021417,3.39
NGC 1313,10,Reticulum,J2000.0,James Dunlop,0.001558,49.5668583,4.25
Centaurus A,6.84,Centaurus,J2000.0,James Dunlop,0.0008,201.365062879333,3.66
IC 10,9.5,Cassiopeia,J2000.0,Lewis A. Swift,-0.001147,5.0965,0.74
NGC 5780,13.96,Boötes,J2000.0,Lewis A. Swift,0.02286,223.5944644308175,100.87
Messier 108,7.041,Ursa Major,J2000.0,Pierre Méchain,0.0033,167.8790292,9.55
NGC 1222,12.5,Eridanus,J2000.0,Édouard Stephan,0.0076,47.2364458,33.3
