col0,col1,col2,col3,col4,col5,col6
calcium-39,1.5,38.970710813,-27282.702,20,859.6,19
calcium-38,0,37.976319226,-22058.499,20,440,18
calcium-37,1.5,36.985897852,-13136.066,20,181.1,17
calcium-36,0,35.993074406,-6451.149,20,102,16
