col0,col1,col2,col3,col4,col5,col6
ADS 1359,multiple star,26.07503066701458,102,Cassiopeia,8511,HD 10543A
HD 103483,binary star,178.7738652153019,75,Ursa Major,8350,HD 103498
49 Leonis,binary star,158.758995525,23,Leo,9078,49 Leo B
HD 103483,Algol variable,178.7738652153019,75,Ursa Major,8350,HD 103498
