col0,col1,col2,col3,col4
Centaurus A,-43.019112667361,Centaurus,Centaurus A/M83 Group,552
NGC 4380,10.0167056,Virgo,Virgo Cluster,956
2MASX J22294524-2755353,-27.9264861,Piscis Austrinus,ClG J2229-2756,81578
7C 112841.60+335106.00,33.579746,Ursa Major,ACO 1290,59275
