col0,col1,col2,col3,col4,col5
Kepler-42,44.61916396563834,24.934,292.21903666299744,Kepler-42b,16.12
Gliese 667 C,-34.99683692619,138.0171,259.7451132683605,Gliese 667 Cb,10.22
Gliese 581,-7.72227526632667,158.7492,229.8617797234025,Gliese 581 b,10.56
Gliese 667 C,-34.99683692619,138.0171,259.7451132683605,Gliese 667 Cc,10.22
