col0,col1,col2,col3
NGC 3320,47.3979639,galaxy,Ursa Major
NGC 3319,41.6868722,galaxy,Ursa Major
NGC 3318A,-41.74139,galaxy,Vela
NGC 3318,-41.6274794556317,galaxy,Vela
NGC 3316,-27.5941235849495,galaxy,Hydra
NGC 3315,-27.19139,galaxy,Hydra
NGC 3314,-27.6839740109641,galaxy,Hydra
NGC 3313,-25.3194861,galaxy,Hydra
NGC 3312,-27.5650472,galaxy,Hydra
NGC 3311,-27.5283389,galaxy,Hydra
NGC 3309,-27.5184306,galaxy,Hydra
NGC 3308,-27.4381111,galaxy,Hydra
