col0,col1,col2,col3,col4,col5
Lalande 21185,Ursa Major,3563,392.64,flare star,165.834141662
Van Biesbroeck 8,Ophiuchus,2700,153.8139,flare star,253.8969005917633
GJ 3379,Orion,3214,192.0675,flare star,90.0145994200541
Proxima Centauri,Centaurus,2883,768.5004,flare star,217.42893801442042
GJ 526,Boötes,3649,183.9836,flare star,206.432397720273
G 85-69,Taurus,2893,40.1,rotating variable star,80.9543598
LP 128-32,Ursa Major,3211,37.814,rotating variable star,162.659350337014
V* V1402 Ori,Orion,3793,29.0835,rotating variable star,85.0670549841766
