col0,col1,col2,col3,col4,col5
36 Lyncis,12737,5860000,49,Lynx,138.4508893738922
Alpha Sculptoris,13600,10500000,17,Sculptor,14.65149709542
KOI-118,5763,1890000,2.1,Lyra,287.3628360190425
Kepler-109,5916,1840000,2.8,Lyra,290.39272312631005
BD+43 3349,6343,1900000,8.1,Cygnus,296.3498525057443
KOI-364,5628,1920000,0.7,Cygnus,295.8723072264995
HD 234856,6140,1920000,5.9,Cygnus,289.4408422019236
KOI-276,5951,1640000,2.4,Cygnus,289.6644180349788
