col0,col1,col2,col3,col4,col5,col6
neptunium-234,1775975.058,141,neptunium,234.04289332,uranium-234,4.4
neptunium-232,1762504,139,neptunium,232.040107,uranium-232,14.7
neptunium-239,1806975.513,146,neptunium,239.052937599,plutonium-239,2.356
neptunium-235,1782958.16,142,neptunium,235.044061591,uranium-235,396.1
