col0,col1,col2,col3
europium-145,samarium-145,144.916272668,1
europium-146,samarium-146,145.917210909,-1
europium-154,gadolinium-154,153.922985955,-1
europium-147,samarium-147,146.916752276,1
