col0,col1,col2,col3,col4,col5,col6,col7
CPD-45 2920,-3.178,-46.1190990924481,C 0843-458,10.99,71,J2000.0,0.1488
V* V661 Car,-6.86,-59.874311638278,Trumpler 16,8.04,-71.22,J2000.0,0.3587
V* MR Mus,-31.74,-67.9143689817107,Lower Centaurus-Crux,8.44,24.48,J2000.0,2.3439
OGLE SMC-ECL- 241,-1.09,-73.7853386875646,Small Magellanic Cloud,16.14,173,J2000.0,0.0172
