col0,col1,col2,col3,col4,col5,col6
barium-124,-79089.775,56,1,11,68,123.915093629
barium-122,-74608.944,56,1,1.95,66,121.919904
barium-120,-68888.639,56,1,24,64,119.926045
barium-119,-64590.086,56,1,5.4,63,118.930659686
