col0,col1,col2,col3,col4,col5
ytterbium-175,3.5,4.185,105,-1,174.94128191
ytterbium-169,3.5,32.018,99,1,168.935182016
ytterbium-167,2.5,17.5,97,-1,166.934953337
ytterbium-166,0,56.7,96,1,165.933874249
ytterbium-165,2.5,9.9,95,-1,164.935270241
ytterbium-164,0,75.8,94,1,163.934495103
