col0,col1,col2,col3,col4,col5
TYC 3148-1212-1,6900,-18.3,12.42,eclipsing binary star,296.4773048471812
Kepler-110,18750,0.04,11.623,rotating variable star,292.929133367195
KOI-5,13200,-35.16,10.213,rotating variable star,289.73971319239666
BD-13 871,18600,6.1,10.76,W Ursae Majoris variable,65.8216187350074
KOI-6388,14800,-3.6,12.648,eclipsing binary star,289.502282585289
HD 210803,4760,-78.5,9.54,eclipsing binary star,333.294780898
V* EK Aqr,31600,56.08,11.09,eclipsing binary star,354.8173588768049
BD+43 3253,13800,-24.08,10.83,rotating variable star,292.2262926851832
2MASS J19401114+4613085,8000,-45.8,12.771,eclipsing binary star,295.04641054702665
