col0,col1,col2,col3,col4,col5,col6,col7
KOI-256,J2000.0,14800,11.783,rotating variable star,0.47,49.56534743528,Draco
TYC 3561-306-1,J2000.0,12600,10.81,rotating variable star,-0.03,46.9635349451231,Cygnus
KIC 1872192,J2000.0,19000,12.012,rotating variable star,0.07,37.3202193515002,Cygnus
TYC 3126-3182-1,J2000.0,12300,11.48,rotating variable star,-0.09,42.64958840177972,Lyra
