col0,col1,col2,col3
TYC 3134-3-1,103,38.9757352222435,0.02
BD+38 3594,119,38.93797492457,-0.52
BD+38 3580,227,39.1400242968194,-0.06
HD 181932,25,51.9230496170886,-0.14
