col0,col1,col2,col3,col4
copper-68,-65567.035,67.929610889,30.9,39
copper-67,-67319.513,66.927729526,61.83,38
copper-66,-66258.272,65.928868814,5.12,37
copper-59,-56358.327,58.939496844,81.5,30
