col0,col1,col2,col3,col4
oxygen-17,9,16.9991317566,oxygen atom,131762.376
thulium-169,100,168.93421835,thulium,1371345.937
erbium-170,102,169.935470673,erbium,1379033.03
erbium-168,100,167.932376192,erbium,1365772.968
erbium-167,99,166.932054119,erbium,1358001.582
erbium-166,98,165.930299023,erbium,1351565.194
erbium-164,96,163.929207392,erbium,1336439.28
