col0,col1,col2,col3,col4,col5
zinc-79,78.942638068,isotope of zinc,zinc,30,667595.978
zinc-78,77.938289205,isotope of zinc,zinc,30,663575.562
zinc-77,76.936887199,isotope of zinc,zinc,30,656810.231
zinc-76,75.933114957,isotope of zinc,zinc,30,652252.748
