col0,col1,col2,col3,col4,col5,col6
V* EI Peg,350.4417588356893,Pegasus,807.5587,J2000.0,SRA semi-regular,12.5957878653377
RV Tauri,71.7780159242421,Taurus,1443.8348,J2000.0,RV Tauri variable,26.1793139290889
R Scuti,281.8706289107624,Scutum,4451,J2000.0,RV Tauri variable,-5.7051493960665
U Monocerotis,112.6978060883215,Monoceros,1091.5839,J2000.0,RV Tauri variable,-9.7768857041179
