col0,col1,col2,col3,col4,col5,col6
barium-118,-62354,56,1,5.5,62,117.93306
barium-116,-54580,56,1,1.3,60,115.941406
barium-115,-49020,56,1,0.45,59,114.947375
barium-114,-45905.426,56,1,0.43,58,113.950718495
