col0,col1,col2,col3,col4,col5,col6,col7
VY Sculptoris,1.5603,12.699,-13.648,infrared source,J2000.0,352.2519629738304,-29.7794390629083
EF Eridani,6.2656,14.53,-54.87,infrared source,J2000.0,48.55521962816833,-22.59525472749889
V* BP Lyn,1.4353,13.527,-17.904,nova-like stars,J2000.0,135.7870101077488,41.2965453736444
LS IV -08 3,4.7397,11.54,-16.484,nova-like stars,J2000.0,254.1234265668666,-8.5774189433068
1H 1025+220,0.9062,16.37,-6.057,nova-like stars,J2000.0,157.0003357263251,21.8037693211538
