col0,col1,col2,col3,col4
U Aquarii,carbon star,89.49,-1.93,330.8320797927716
UV Cas,variable star,-28.02,-0.006,345.5610802915629
S Apodis,variable star,-82.13,-6.509,227.352234239962
RS Telescopii,variable star,-1.02,-6.671,274.7134264120259
V Coronae Australis,variable star,-4.35,-3.83,281.8846381175
U Aquarii,variable star,89.49,-1.93,330.8320797927716
UX Antliae,variable star,147.29,-2.098,164.287745671844
