col0,col1,col2,col3,col4
4369 Seifert,12,Sun,0.25,76.83093
4368 Pillmore,11.5,Sun,0.02,115.78767
4367 Meech,12.8,Sun,0.23,68.72783
4366 Venikagan,12.3,Sun,0.1383877,87.88161
4365 Ivanova,12.6,Sun,0.05448,56.133
4364 Shkodrov,13.7,Sun,0.1391203,47.07835
4363 Sergej,13.4,Sun,0.2281075,293.90009
4362 Carlisle,13,Sun,0.1,171.89165
4361 Nezhdanova,12.4,Sun,0.16,356.5937
