col0,col1,col2,col3,col4,col5,col6,col7
Iota1 Scorpii,yellow supergiant,0.1822,2.992,-4.772,-40.12699704139,266.89617137458,6910
Delta Canis Majoris,yellow supergiant,2.03,1.84,-3.12,-26.39319957889,107.09785021417,6476
Phi Cassiopeiae,binary star,0.246,4.98,-1.556,58.2316146203123,20.0204775756484,7163
Iota1 Scorpii,binary star,0.1822,2.992,-4.772,-40.12699704139,266.89617137458,6910
Phi Cassiopeiae,double star,0.246,4.98,-1.556,58.2316146203123,20.0204775756484,7163
