col0,col1,col2,col3,col4
manganese-69,25,68.973408,18,44
manganese-68,25,67.969533,28,43
manganese-67,25,66.964079,51,42
manganese-66,25,65.960546834,65,41
manganese-65,25,64.95601975,84,40
manganese-64,25,63.95384937,90,39
manganese-63,25,62.949664675,0.275,38
