col0,col1,col2,col3,col4,col5
indium-104,55,103.91821454,6,isotope of indium,1.8
indium-115,66,114.903878773,4.5,isotope of indium,441000000000000
indium-112,63,111.905538704,1,isotope of indium,14.97
indium-106,57,105.913463603,7,isotope of indium,6.2
