col0,col1,col2,col3,col4
scandium-52,51.956582351,21,443722.5,8.2
scandium-51,50.953592095,21,438436.596,12.4
scandium-50,49.952176415,21,431683.95,102.5
scandium-49,48.950014423,21,425626.544,57.18
