col0,col1,col2,col3,col4,col5,col6
bismuth-198,10.3,lead-198,-19369.486,197.979206,1,83
bismuth-197,9.33,lead-197,-19687.191,196.978864929,-1,83
bismuth-196,308,lead-196,-18009.031,195.980666509,1,83
bismuth-195,183,lead-195,-18025.561,194.980648762,-1,83
bismuth-194,95,lead-194,-16028.811,193.982792362,1,83
bismuth-193,63.6,lead-193,-15884.559,192.982947223,-1,83
bismuth-192,34.6,lead-192,-13534.535,191.985470078,1,83
