col0,col1,col2,col3
Centaurus A,[T2015] nest 100350,-43.019112667361,201.365062879333
Sombrero Galaxy,[T2015] nest 100128,-11.623054278,189.997632708
NGC 5090,[T2015] nest 100047,-43.7046775,200.30351958
IC 4374,[T2015] nest 100043,-27.017859213778,211.874009352167
IC 1335,[LH2011] 3671,-16.3355167,313.2756042
