col0,col1,col2,col3,col4,col5,col6,col7
Cl* NGC 5139 SAW V316,Centaurus,20,201.5618625,17.255,22400,SX Phoenicis variable,-47.519675
Cl* NGC 5139 SAW V299,Centaurus,0,201.75125,17.439,18000,SX Phoenicis variable,-47.3749917
[SP2014] NGC5139 BSS45,Centaurus,5,201.8422125,17.228,25000,SX Phoenicis variable,-47.4645083
Cl* NGC 5139 SAW V311,Centaurus,11,201.7446375,16.789,17800,SX Phoenicis variable,-47.4974944
Cl* NGC 5139 SAW V217,Centaurus,28,201.5704667,17.158,19500,SX Phoenicis variable,-47.4571806
Cl* NGC 5139 SAW V298,Centaurus,1,201.7093125,17.361,22400,SX Phoenicis variable,-47.5676361
