col0,col1,col2,col3,col4,col5,col6
lutetium-155,1238052.58,-42545.047,154.954326011,5.5,lutetium,84
lutetium-154,1227226,-39715,153.957364,2,lutetium,83
lutetium-153,1217737.71,-38372.844,152.958805054,5.5,lutetium,82
lutetium-152,1204752,-33422,151.96412,4,lutetium,81
