col0,col1,col2,col3
EROS2-star cg0030l3740,-29.0588034921429,0.3153,9.077
IRAS 16078-5747,-57.924207874549,0.01,9.2
V* V2552 Oph,-22.8684217058825,0.167,10.92
V* V1860 Sgr,-24.7528116273779,0.1139,8.415
V* V618 Sgr,-36.4978641521024,0.0898,7.204
V* V589 Sgr,-34.746294555469,0.0833,14.6
V1135 Scorpii,-30.1412500421118,0.0931,8.277
Z Cir,-70.4729644275662,0.3398,2.97
MV Sgr,-20.9535734609546,0.1094,12
GU Sgr,-24.2573204868309,0.2001,11.33
