col0,col1,col2,col3,col4
SHV 7863,infrared source,21,-4.004,258.8322154091802
UV Cas,infrared source,-28.02,-0.006,345.5610802915629
S Apodis,infrared source,-82.13,-6.509,227.352234239962
RS Telescopii,infrared source,-1.02,-6.671,274.7134264120259
