col0,col1,col2,col3,col4
selenium-74,73.922475935,1,stable isotope,-72213.201
selenium-76,75.919213704,1,stable isotope,-75251.95
selenium-77,76.91991415,-1,stable isotope,-74599.488
selenium-80,79.916521785,1,stable isotope,-77759.457
