col0,col1,col2,col3,col4
erbium-162,94,161.92878696,erbium,1320688.314
holmium-165,98,164.930328047,holmium,1344249.06
dysprosium-164,98,163.929180472,dysprosium,1338029.096
dysprosium-163,97,162.928736879,dysprosium,1330370.955
dysprosium-162,96,161.926804168,dysprosium,1324100.034
dysprosium-161,95,160.926939088,dysprosium,1315902.91
dysprosium-160,94,159.925203244,dysprosium,1309448.64
dysprosium-158,92,157.924414597,dysprosium,1294040.54
dysprosium-156,90,155.924284038,dysprosium,1278019.548
