col0,col1,col2,col3,col4,col5
Messier 32,NGC 221,J2000.0,4000,10.6742708,[CHM2007] HDC 29
Messier 110,NGC 205,J2000.0,7500,10.0918935635158,[CHM2007] HDC 29
Messier 32,NGC 221,J2000.0,4000,10.6742708,Local Group
Messier 110,NGC 205,J2000.0,7500,10.0918935635158,Local Group
