col0,col1,col2,col3
COROT-5,0.04,101.27725286687375,COROT-5b
Upsilon Andromedae,0.07,24.199342348,Upsilon Andromedae e
Dìwö,-0.01,239.9622873775221,Ditsö̀
Gumala,0.15,288.8884586922154,Mastika
HD 50554,-0.04,103.67844263633793,HD 50554 b
Poerava,0.13,352.83474244724124,Pipitea
Upsilon Andromedae,0.07,24.199342348,Upsilon Andromedae b
Uruk,-0.05,293.0173375531905,Babylonia
Tupi,-0.08,54.92956687846959,Guarani
HD 169830,0.15,276.9561883368242,HD 169830 c
COROT-6,-0.2,281.0725324537205,COROT-6b
