col0,col1,col2,col3,col4
copper-72,-59782.999,71.935820307,6.63,43
copper-71,-62711.127,70.932676832,19.4,42
copper-70,-62976.373,69.932392079,44.5,41
copper-69,-65736.213,68.929429268,2.85,40
