col0,col1,col2,col3,col4,col5,col6
V* V1827 Ori,9.328,8.8525,irregular variable,12.130807079854,14.85,Orion
BD-08 4360,9.5,0.9771,irregular variable,-8.3845334256645,81.2,Ophiuchus
HD 187622,9.63,8.9735,irregular variable,-10.1969631371752,-8.07,Aquila
V* DD Cen,4.789,1.0348,irregular variable,-55.3559435564704,10.599,Centaurus
V* HZ Cen,10.664,3.0066,irregular variable,-53.3191258684936,-38.62,Centaurus
V* IL Cen,12.787,0.5412,irregular variable,-52.2842901893128,36.8,Centaurus
V1001 Cen,7.3,1.5293,infrared source,-55.8822587490791,-41.4,Centaurus
HD 173638,5.717,0.9149,infrared source,-10.1250471408255,10,Scutum
Brun 252,10.88,2.5786,irregular variable,-5.368201698496,22.2,Orion
