col0,col1,col2,col3,col4,col5,col6,col7
IC 310,J2000.0,58.61,Perseus Cluster,49.179078218776,Perseus,-0.969,41.3248971840131
IC 700,J2000.0,21.5,HCG 54,172.3137484587055,Leo,-0.12,20.5831634707101
IC 4329A,J2000.0,68.7,[CHM2007] HDC 821,207.3302530340835,Centaurus,-0.404,-30.3095067046753
Sextans Dwarf Spheroidal,J2000.0,0.09,Milky Way,153.26208,Sextans,-0.26,-1.61472
