col0,col1,col2,col3,col4
Abell 262,4788,0.016227,NGC 705,28.21
Coma Cluster,6933,0.0234,NGC 4921,194.95292
NGC 4038 Group,1408,0.0047,NGC 4027,179.98833
M94 Group,456,0.001838,Black Eye Galaxy,187.8292
