col0,col1,col2,col3,col4,col5,col6
2MASS J00263563-4601098,-0.26,17.8,BL Lac object,0.3473,6.6484554382736,J2000.0
QSO B1500-154,-0.101,18.1,BL Lac object,0.0314,225.9194483416374,J2000.0
6C 091657+862551,-0.082,19.4,BL Lac object,0.0914,142.4294119613466,J2000.0
87GB 221447.5+051030,-3.46,19.9518,BL Lac object,3.0103,334.3259603622826,J2000.0
QSO B0430+2859,-1.404,17.8,BL Lac object,1.1617,68.407624416375,J2000.0
2FGL J0953.1-0839,-0.102,16.69,BL Lac object,0.1503,148.2612901698646,J2000.0
