col0,col1,col2,col3,col4,col5
erbium-176,108,175.94994,erbium,1,1413984
erbium-175,107,174.94777,erbium,1,1407875
erbium-174,106,173.94423,erbium,1,1403136
erbium-173,105,172.9424,erbium,-1,1396802
erbium-172,104,171.939362344,erbium,1,1391550.52
erbium-171,103,170.938036148,erbium,-1,1384714.566
erbium-170,102,169.935470673,erbium,1,1379033.03
erbium-169,101,168.934596353,erbium,-1,1371776.211
erbium-168,100,167.932376192,erbium,1,1365772.968
erbium-167,99,166.932054119,erbium,1,1358001.582
