col0,col1,col2,col3,col4,col5,col6,col7
plutonium-234,1774797.57,140,94,8.8,neptunium-234,234.043317478,plutonium
plutonium-233,1767024.468,139,94,20.9,neptunium-233,233.042997345,plutonium
plutonium-232,1760641.968,138,94,33.8,neptunium-232,232.041184526,plutonium
plutonium-231,1752624.72,137,94,8.6,neptunium-231,231.04112641,plutonium
plutonium-230,1745927.93,136,94,102,neptunium-230,230.039650703,plutonium
plutonium-229,1737395.52,135,94,67,neptunium-229,229.040145819,plutonium
