col0,col1,col2,col3,col4,col5,col6
LINEAR 22755029,RR Lyrae variable,159.4250792546409,24.01,-2.15,5.8384421631074,-0.958
V* AR Per,RR Lyrae variable,64.3216558194258,522.0297,-0.3,47.4001764286604,-9.488
V* BP Pav,RR Lyrae variable,299.5005676992534,2328.2887,-1.48,-65.7361029761371,-32.545
HE 0159-0412,RR Lyrae variable,30.4283347540054,6.44,-1.69,-3.9751298960052,-5.725
V* AU Vir,RR Lyrae variable,201.2000182333595,1657.2754,-1.5,-6.9793030221291,-24.174
V* KW Leo,RR Lyrae variable,171.487413164445,5.51,-1.67,-0.16159005710639,-8.127
TYC 4887-622-1,RR Lyrae variable,137.2503885583897,1173.2958,-1.79,-4.1735017370538,-16.404
V* AN Ser,RR Lyrae variable,238.3793892820683,1051.5247,-0.07,12.9611425059667,-9.07
V* V413 Oph,RR Lyrae variable,246.2962674631236,1173.8467,-0.75,-10.5237497840018,-15.78
