col0,col1,col2,col3,col4,col5
V* V994 Tau,10.673,16.2889398384252,9.5,67.2117255997165,Taurus
V* V1172 Tau,13.5,23.4680484759735,10.71,56.9083642110247,Taurus
HD 358623,10.625,-17.1816123,15.6,314.0114112,Capricornus
CD-52 2706,10.69,-53.0569539817449,13.4,134.7029699808837,Vela
V* V534 Per,12.29,49.2027881806622,161,51.9626687234709,Perseus
V* V527 Per,9.9,46.8836402149672,80,50.0053119128837,Perseus
V* V701 Per,10.591,32.0662132456517,30.45,56.1109524420626,Perseus
