col0,col1,col2,col3,col4,col5,col6,col7
zirconium-99,845387.136,40,niobium-99m,98.916670835,1,2.1,-77620.617
zirconium-97,834566.563,40,niobium-97m,96.910957386,1,16.749,-82942.661
zirconium-110,899470,40,niobium-110,109.95396,1,37,-42886
zirconium-108,891756,40,niobium-107,107.94487,1,73,-51353
zirconium-106,882815.7,40,niobium-105,105.937144,1,191,-58549.987
zirconium-104,873847.208,40,niobium-103,103.929442315,1,0.87,-65724.06
