col0,col1,col2,col3,col4,col5
HD 162754,35,7.78,268.1423176721003,-98.98,Beta Lyrae variable
V* V765 Cas,159,10.78,19.7877210307402,-19,Beta Lyrae variable
CD-39 1935,64.4,10.84,80.6904080786022,1.1,Beta Lyrae variable
V* V399 Nor,50,8.263,245.6493723648421,-36.75,Beta Lyrae variable
