col0,col1,col2,col3
protactinium-234,91,234.043305615,143
protactinium-233,91,233.040246605,142
protactinium-232,91,232.0385903,141
protactinium-231,91,231.035882575,140
protactinium-230,91,230.034539789,139
protactinium-229,91,229.032095652,138
