col0,col1,col2,col3,col4,col5,col6,col7
mercury-177,97,3.5,-12782.542,176.986277376,1378817.964,-1,80
mercury-176,96,0,-11784.95,175.987348335,1369749.04,1,80
mercury-175,95,3.5,-7972.576,174.991441086,1357865.425,-1,80
mercury-174,94,0,-6641.009,173.992870583,1348462.416,1,80
