col0,col1,col2,col3,col4
arsenic-74,germanium-74,73.923928598,642320.074,-70860.054
arsenic-73,germanium-73,72.923829089,634341.457,-70952.747
arsenic-77,selenium-77,76.920647564,669590.306,-73916.318
arsenic-80,selenium-80,79.922474548,692102.4,-72214.493
