col0,col1,col2,col3,col4
UGC 2366,J2000.0,blazar,[T2015] nest 200057,43.5001849873518
UGC 3927,J2000.0,blazar,[T2015] nest 100335,114.375362411042
IC 4374,J2000.0,blazar,[CHM2007] HDC 851,211.874009352167
NGC 6146,J2000.0,blazar,Abell 2199,246.2930212371174
NGC 6338,J2000.0,blazar,[CHM2007] LDC 1248,258.8457
NGC 5311,J2000.0,blazar,[CHM2007] HDC 827,207.2336
