col0,col1,col2,col3,col4,col5,col6,col7
V* V767 Cep,-1.959,85.2396288254208,NGC 188,14.885,-43.08,J2000.0,0.4981
Cl* NGC 2682 SAND 986,-9.212,11.7650932493325,Messier 67,12.733,43.86,J2000.0,1.2555
Zeta Phoenicis,19.348,-55.24575803167,** RMK 2,4.014,15.3,J2000.0,14.6752
Mintaka,-0.69,-0.299095107,Orion's Belt,2.41,18.5,J2000.0,4.71
V607 Pup,-8.302,-14.5922957271927,Messier 47,9.27,41,J2000.0,1.8971
V1229 Tau,-46.752,24.28833805249278,Pleiades,6.81,5,J2000.0,7.359
HD 162724,-3.27,-34.75271816056,Messier 7,5.96,-32,J2000.0,3.17
