col0,col1,col2,col3,col4,col5
astatine-217,4394.635,217.004717835,isotope of astatine,85,-1
astatine-216,2256.666,216.002422631,isotope of astatine,85,-1
astatine-215,-1255.756,214.99865189,isotope of astatine,85,-1
astatine-214,-3379.831,213.996371601,isotope of astatine,85,-1
astatine-213,-6579.595,212.992936514,isotope of astatine,85,-1
astatine-212,-8628.221,211.990737223,isotope of astatine,85,-1
astatine-211,-11647.264,210.987496147,isotope of astatine,85,-1
astatine-209,-12882.613,208.986169944,isotope of astatine,85,-1
