col0,col1,col2,col3,col4
samarium-145,-1,340,144.913417244,promethium-145
samarium-157,-1,8.03,156.928418673,europium-157
samarium-159,-1,11.37,158.933217202,europium-159
samarium-156,1,9.4,155.925538511,europium-156
