col0,col1,col2,col3,col4,col5
IRAS 19242+3700,Lyra,-0.06,1892.5057,37.1076686669158,231
IRAS 19190+3929,Lyra,-0.13,1333.8669,39.5890086309021,311
AF Cyg,Cygnus,-0.99,257.0958,46.1477994934254,203
V541 Lyr,Lyra,-0.96,248.2807,40.9951921259441,155
