col0,col1,col2,col3,col4,col5
V* XZ Pic,9.218,-59.9237829544381,9.7,86.3058400689589,Pictor
V* V474 Car,10.023,-63.0012000225767,1,135.0968456610196,Carina
HD 205434,6.42,62.0024514958027,5.2,323.2544511232679,Cepheus
HD 153525,5.54,47.3621428880126,3.5,254.4259507900274,Hercules
HD 60491,8.144,-6.8966763287246,8.76,113.6090320829597,Monoceros
V* NX Com,11.03,29.6812025589952,5.4,198.2834190511537,Coma Berenices
V* V443 And,5.943,42.9318316147963,12.58,17.6746034154773,Andromeda
