col0,col1,col2,col3,col4,col5
V* EH Cru,-4.522,17800,-60.3493027530453,130,Crux
TYC 3148-1420-1,-4.977,11500,43.2977059600365,229,Cygnus
KIC 2310284,-2.486,11000,37.6557265566486,142,Cygnus
KIC 5977646,-6.457,6600,41.215895107013,213,Cygnus
