col0,col1,col2,col3,col4,col5,col6,col7
9 Persei,-1.798,55.8456532695542,J2000.0,variable star,35.5893117395513,-14.3,0.7603
V4381 Sagittarii,-1.498,-21.4495593826805,J2000.0,variable star,272.1607751569288,-16,0.5674
HD 92207,-7.397,-58.7333375906908,J2000.0,variable star,159.3627841431903,-8.5,0.4601
HD 14433,-0.908,57.2429153351274,J2000.0,star,35.4809802307362,-47.3,0.3525
HD 40589,-2.49,27.5723627761521,J2000.0,star,90.2518889639363,10.8,0.3476
DS Crucis,-4.718,-60.3297872096459,J2000.0,star,192.8249009495508,-21.9,0.3041
9 Persei,-1.798,55.8456532695542,J2000.0,star,35.5893117395513,-14.3,0.7603
V4381 Sagittarii,-1.498,-21.4495593826805,J2000.0,star,272.1607751569288,-16,0.5674
