col0,col1,col2,col3,col4
[LBC2011] 36,22.0331472,J2000.0,interstellar medium,-596
[LBC2011] 31,22.0220694,J2000.0,interstellar medium,523
[LBC2011] 29,22.0185861,J2000.0,interstellar medium,383
[LBC2011] 55,22.01075,J2000.0,interstellar medium,789
[LBC2011] 50,22.030425,J2000.0,interstellar medium,128
[LBC2011] 28,22.0182278,J2000.0,interstellar medium,409
[LBC2011] 19,21.9982306,J2000.0,interstellar medium,800
[LBC2011] 27,22.0173361,J2000.0,interstellar medium,315
[LBC2011] 34,22.0316333,J2000.0,interstellar medium,-474
