col0,col1,col2,col3,col4
potassium-36,argon-36,342,2,35.98130201
potassium-40,argon-40,1248000000,4,39.963998166
potassium-49,calcium-48,1.26,0.5,48.968210755
potassium-48,calcium-48,6.8,2,47.965341186
