col0,col1,col2,col3,col4
rubidium-93,-72619.901,37,92.922039325,56
rubidium-92,-74772.438,37,91.919728481,55
rubidium-79,-70802.985,37,78.923989864,42
rubidium-78,-66935.419,37,77.928141868,41
rubidium-77,-64830.492,37,76.9304016,40
rubidium-76,-60479.081,37,75.935073032,39
rubidium-75,-57218.694,37,74.938573201,38
rubidium-74,-51916.009,37,73.944265868,37
rubidium-73,-46082,37,72.950529,36
rubidium-72,-38330,37,71.958851,35
rubidium-71,-32060,37,70.965582,34
