col0,col1,col2,col3,col4,col5,col6
americium-240,50.8,1811283.12,95,240.055298444,145,51510.169
americium-239,11.9,1805331.432,95,239.053022803,144,49390.424
americium-238,98,1798228.992,95,238.051982607,143,48421.487
americium-237,73.6,1791957,95,237.049995,142,46570
americium-236,2.9,1784396,95,236.049427,141,46041
americium-235,10.3,1777811.19,95,235.047907371,140,44625.429
