col0,col1,col2,col3,col4,col5
COROT-2,-10.936,31000,1.38371044366833,10.3,Aquila
DS Crucis,-4.718,28,-60.3297872096459,17,Crux
23 Sextantis,-8.656,1800,2.2897241799899,190,Sextans
10 Persei,-1.355,178,56.6098214384075,44,Perseus
9 Persei,-1.798,28,55.8456532695542,33,Perseus
HD 1976,-3.816,5100,52.0199161103922,143,Cassiopeia
Zeta Cassiopeiae,-6.763,6300,53.89690758639,23,Cassiopeia
