col0,col1,col2,col3,col4
EZ Canis Majoris,103.5543503531246,838,Canis Major,6.91
WR 114,275.8180938060473,2222.2222,Scutum,12.02
Gamma Velorum,122.38312556,157,Vela,1.83
WR 24,160.9677399921096,2016,Carina,6.48
WR 134,302.5591374232452,1845.6995,Cygnus,8.08
WR 140,305.1165680608022,1719.6905,Cygnus,6.85
GCIRS 13E,266.415542,26,Sagittarius,9.82
HD 152408,253.743773607,2264,Scorpius,5.77
R136a2,84.676875,163000,Dorado,13.38
R136a1,84.676792,165000,Dorado,12.77
