col0,col1,col2,col3
CD-32 11456,-32.649014177,HD 144928,-31
HD 151070,23.517492691,HD 151070A,-9.71
ADS 9493 AB,5.492835945,BD+06 2983A,-28.23
90 Leo,16.796915441,90 Leo A,-10.6
HD 144362,-6.29111345049611,HD 144362A,0.531
HD 147553,-33.199397371,HD 147553A,-27.92
