col0,col1,col2,col3
2MASS J09015319+0604038,12,-0.00027,6.5745
2MASS J12330252+3907049,-18,-0.00017,22.3507
2MASS J16354757+2722238,-9,-0.00016,23.7692
2MASS J08400161+4517522,40.3,-0.00019,16.0808
2MASS J09280529+1118081,33,-0.00033,3.2698
2MASS J08364635+0526426,31.9,-0.00016,18.2933
2MASS J08542075+2731180,-31,-0.00027,6.5932
2MASS J08302724+2203456,-4,0.00007,16.774
