col0,col1,col2,col3,col4,col5
2MASS J08351104+2006371,0.00003,20.1102989645529,Cancer,72,3.6984
2MASS J08330994+1806328,0.00012,18.1090664622216,Cancer,-7,6.1146
2MASS J08434955+1709158,0.00008,17.1543797897468,Cancer,41,0.7568
ULAS2MASS J0207+1355,-0.00007,13.9322777699051,Aries,13.7,26.8612
2MASS J10440942+0429376,0.0004,4.4938056,Sextans,120,51.3
2MASSW J0944027+313132,-0.00053,31.5257663836034,Leo,-10.8,24.3468
SDSS J133148.90−011651.4,0.00007,-1.2805722,Virgo,21,67.3
