col0,col1,col2,col3,col4
copper-80,-36200,79.961138,0.17,51
copper-79,-41740,78.95519,188,50
copper-78,-44497.469,77.95223,335,49
copper-77,-48624,76.9478,468.1,48
copper-76,-50975.985,75.945275025,1.27,47
copper-75,-54471.341,74.941522606,1.222,46
copper-74,-56006.205,73.939874862,1.594,45
copper-73,-58987.437,72.936674378,4.2,44
