col0,col1,col2,col3,col4,col5,col6,col7
HD 24072,225,Eridanus,CD-38 1297,57.14947756813666,J2000.0,52.6995,16
HD 32040,343,Orion,ADS 3597 AB,75.1413979477751,J2000.0,157.2401,42
37 Ceti A,13.04,Cetus,37 Ceti,18.6001718872637,J2000.0,23.9061,22.11
V856 Scorpii,204,Scorpius,Upper Centaurus-Lupus,242.14286191307457,J2000.0,161.108,-1.7
