col0,col1,col2,col3,col4,col5,col6
calcium-34,0,34.01487,13851,20,35,14
calcium-46,0,45.953687988,-43139.361,20,2800000000000000,26
calcium-40,0,39.962590865,-34846.384,20,3000000000000000000000,20
calcium-41,3.5,40.962277921,-35137.89,20,102000,21
