col0,col1,col2,col3
BD-08 1208,86.1115428630231,10.22,2.4177
HD 38065,85.9306427033924,9.19,2.6671
vdB 55,85.5887576869194,8.87,2.4456
BD-10 1261,85.3579357913397,10.11,2.4106
HD 37370,84.527145611,7.78,3.72
HD 37387,84.8117788321643,7.53,0.5759
HD 245259,84.1700673637384,10.5,0.4489
HD 36471,83.0308410194904,8.7,2.4258
HD 244068,82.2956142310576,10.12,4.5041
HD 243588,81.408879018354,9.11,2.3171
BD+61 154,10.826068629622,10.6,1.7552
V1057 Ori,79.517008566098,7.68,2.8885
