col0,col1,col2,col3,col4,col5,col6
sodium-37,sodium,26,60,37.057471,11,236504
sodium-36,sodium,25,180,36.049708,11,235656
sodium-35,sodium,24,1.5,35.041043,11,235655
sodium-34,sodium,23,5.5,34.03401,11,234138.858
sodium-33,sodium,22,8,33.025529,11,233967.558
