col0,col1,col2,col3
thorium-212,90,212.013001487,12110.808
thorium-211,90,211.014933183,13910.171
thorium-210,90,210.015093437,14059.446
thorium-209,90,209.017571,16367
thorium-233,90,233.041580208,38731.715
thorium-234,90,234.04359986,40613.009
thorium-235,90,235.047255,44017.749
thorium-236,90,236.049657,46255.198
thorium-237,90,237.053629,49955.092
