col0,col1,col2,col3,col4,col5,col6,col7
plutonium-236,1788388.648,142,94,2.858,lead-208,236.046056756,plutonium
plutonium-241,1818691.799,147,94,14.325,americium-241,241.056849722,plutonium
plutonium-237,1794269.883,143,94,45.64,neptunium-237,237.048407957,plutonium
plutonium-236,1788388.648,142,94,2.858,uranium-236,236.046056756,plutonium
plutonium-240,1813450.08,146,94,6561,uranium-236,240.053811812,plutonium
plutonium-244,1836054.86,150,94,80000000,curium-244,244.064204415,plutonium
