col0,col1,col2,col3,col4,col5
erbium-166,98,165.930299023,erbium,1,1351565.194
erbium-165,97,164.930733198,erbium,-1,1343089.44
erbium-164,96,163.929207392,erbium,1,1336439.28
erbium-163,95,162.930039567,erbium,-1,1327592.783
