col0,col1,col2,col3,col4
barium-135,79,134.905688606,barium,1133666.955
barium-130,74,129.906320874,barium,1092721.37
barium-134,78,133.904508399,barium,1126694.914
xenon-126,72,125.904296794,xenon,1063886.166
xenon-130,76,129.903509349,xenon,1096905.03
iodine-127,74,126.904471838,iodine,1072576.849
tellurium-126,74,125.903310866,tellurium,1066369.248
tellurium-122,70,121.903043434,tellurium,1034333.08
