col0,col1,col2,col3,col4
samarium-132,1,4,131.94087,neodymium-131
samarium-129,1,0.55,128.954911,neodymium-128
samarium-160,1,9.6,159.935335286,europium-160
samarium-151,-1,90,150.919939066,europium-151
samarium-162,1,2.4,161.94146,europium-162
samarium-155,-1,22.3,154.924647051,europium-155
samarium-146,1,103000000,145.913046881,neodymium-142
samarium-158,1,5.3,157.929950979,europium-158
samarium-148,1,7000000000000000,147.914829012,neodymium-144
