col0,col1,col2,col3,col4,col5
2MASS J19183998+4843467,12600,13.99,10.857,rotating variable star,289.6666089379585
V* IU Ara,7,335.95,12.304,eclipsing binary star,261.381920903737
UCAC3 111-123,204,0.014,12.44,W Ursae Majoris variable,0.7883184026311
KOI-2215,13200,-6.5,12.291,rotating variable star,296.25505974196756
KOI-1604,10700,-17.04,11.454,eclipsing binary star,299.2475132890489
V* RZ Hor,3,125.15,11.385,eclipsing binary star,46.351029965711
ASAS J111135-1326.0,720,-6.6,10.85,W Ursae Majoris variable,167.8949190564124
KOI-2457,13200,4.72,11.269,rotating variable star,282.30125145001625
KOI-7139,14500,31.5,12.8,eclipsing binary star,295.2884636797357
