col0,col1,col2,col3,col4
Epsilon Ursae Minoris,19,82.0372630157512,10.2446,Ursa Minor
Albireo,16,27.959680072,7.51,Cygnus
Gamma Centauri,36.5,-48.959871515,25.06,Centaurus
Alpha Lyncis,54.5,34.39256237389,15.7715,Lynx
