col0,col1,col2,col3
protactinium-228,91,228.031050748,137
protactinium-227,91,227.028804477,136
protactinium-226,91,226.027947872,135
protactinium-225,91,225.026130844,134
protactinium-224,91,224.02561721,133
protactinium-223,91,223.023962232,132
protactinium-222,91,222.023784,131
protactinium-221,91,221.021874846,130
protactinium-220,91,220.021705,129
protactinium-219,91,219.01990365,128
protactinium-218,91,218.020057853,127
