col0,col1,col2,col3
V* V1257 Cen,3764,-51.9431461797188,10.72
V* HZ Com,5148,24.5207324206244,0.3
V* IN Vir,4451,-2.3152604869229,39.5
V* HZ Aqr,4541,0.2217030168101,-94.63
V* AI Lep,6128,-19.6697031843246,24.78
