col0,col1,col2,col3,col4
SDSS J140453.98-102702.1,-10.4505654827649,dwarf nova,1.4825,Virgo
NSV 11297,-2.9763990432414,dwarf nova,0.2694,Aquila
V* HS Vir,-8.2344135517628,dwarf nova,2.8368,Virgo
V* MY Per,48.368139304905,dwarf nova,0.5899,Perseus
V* V699 Oph,-4.6738425515866,dwarf nova,1.5868,Ophiuchus
PB 5937,-1.8931772584418,dwarf nova,0.1857,Pisces
