col0,col1,col2,col3,col4,col5
EM* LkHA 224,BD+40 4124,41.357902226233,0.785,12.93,980
HD 100453,Lower Centaurus-Crux,-54.3245954979664,9.597,7.79,104.1992
HD 100546,Lower Centaurus-Crux,-70.1947887064225,9.0892,6.3,110.021
HD 145718,Upper Scorpius,-22.4851722634607,6.5565,8.86,152.52
HD 144432,Upper Scorpius,-27.7193772268271,6.4371,8.19,155.3495
Cl Trumpler 16 242,Trumpler 16,-59.6956759644308,0.3828,12.848,2612.3302
MWC 480,Taurus Molecular Cloud,29.8436084281228,6.1815,7.62,161.773
AB Aurigae,Taurus Molecular Cloud,30.5511925781404,6.14,7.05,162.8664
EM* LkHA 257,IC 5146,47.2026853824414,1.2584,13.16,794.6599
