col0,col1,col2,col3,col4,col5
2MASS J19314474+4815170,450,Red Giant Branch star,4816,-14.83,292.936474787984
2MASS J19455453+3919263,389,Red Giant Branch star,4917,-2.42,296.4772399034031
2MASS J19260281+4448306,1350,Red Giant Branch star,5025,41.29,291.5116852919827
2MASS J19233115+4032232,229,Red Giant Branch star,4767,16.18,290.8798311841334
2MASS J19341825+3930037,340,Red Giant Branch star,4951,-8.74,293.5760665462253
2MASS J19464701+4110311,933,Red Giant Branch star,4827,-31.05,296.695938546497
2MASS J19542800+4806062,279,Red Giant Branch star,4794,-31.1,298.6167085372517
2MASS J19562817+4010497,520,Red Giant Branch star,4939,-17.56,299.1173632231794
2MASS J19562835+4439582,794,Red Giant Branch star,4749,-96.32,299.1181389983752
