col0,col1,col2,col3,col4,col5,col6,col7
V613 Mon,-0.537,3700,102.0928995778984,5.5416829546206,S-type star,1.2996,769.4675
ST Her,-19.061,3319,237.6942703309285,48.4830025255206,S-type star,3.6903,270.9807
NQ Pup,-7.367,3399,118.2719614004521,-11.6248202040301,S-type star,1.569,637.3486
V2141 Cyg,-12.387,3251,314.4715735094231,44.7881488859651,S-type star,1.9287,518.484
HD 151011,-1.744,3600,251.3757406580471,-19.1369338389698,S-type star,2.7061,369.5355
Y Lyncis,-3.186,3200,112.0483915845595,45.990615351601,S-type star,2.9657,337.1885
