col0,col1,col2,col3,col4
manganese-48,25,47.968549085,158.1,23
manganese-47,25,46.975774,88,22
manganese-46,25,45.986506,36.2,21
manganese-44,25,44.007547,105,19
