col0,col1,col2,col3,col4
Sirius,1.711,-16.716115861,379.21,Canis Major
Zeta Reticuli,0.91,-62.507944,83.61,Reticulum
Eta Ursae Minoris,1.93,75.7553442664711,33.8707,Ursa Minor
Upsilon Andromedae,1.6,41.405456743,74.5711,Andromeda
HD 49798,1.45,-44.3162311209253,1.9691,Puppis
HAT-P-8,1.58,35.44711304530888,4.6984,Pegasus
EZ Aquarii,0.5,-15.2999325,293.6,Aquarius
Mu Cassiopeiae,0.74,54.920340672,132.38,Cassiopeia
