col0,col1,col2,col3,col4,col5,col6,col7
SDSS J012419.01+383757.3,hypervelocity star,-0.00017,Andromeda,18.536,38.6325830207736,0.5834,-0.49
SDSS J205144.77+160355.6,hypervelocity star,-0.00014,Delphinus,17.452,16.0654555018072,0.4452,-0.39
SDSS J012925.63-005902.4,hypervelocity star,-0.00027,Cetus,18.04,-0.9840059419488,0.1217,-0.53
SDSS J070025.61+300628.4,hypervelocity star,0.00017,Gemini,17.975,30.1079096196786,0.1436,-0.31
SDSS J084210.85+052305.5,hypervelocity star,0.00012,Hydra,18.301,5.3848752169835,0.3562,-0.7
SDSS J075408.98+191118.4,hypervelocity star,0.00004,Gemini,19.209,19.1884457143736,0.5304,-0.34
SDSS J234446.22+462721.4,hypervelocity star,-0.00016,Andromeda,18.694,46.4559608680298,0.4744,-0.44
SDSS J070533.26+393721.4,hypervelocity star,-0.00018,Auriga,18.395,39.6226263372108,0.2545,-0.77
