col0,col1,col2,col3,col4,col5
BD+43 3102,4730,1190000,2.2,Lyra,282.9149809445834
Kepler-20,5507,1570000,0,Lyra,287.69801450660003
Kepler-29,5378,1140000,1.1,Cygnus,298.3483416910533
Kepler-10,5599,1480000,0,Draco,285.6794217927134
PZ Telescopii,5173,974000,69,Telescopium,283.274472419775
Kepler-37,5347,1100000,0,Lyra,284.0596157357308
COROT-7,5256,1170000,0.5,Monoceros,100.95612100444959
