col0,col1,col2,col3,col4
Kepler-69,293.2609602575996,Kepler-69c,1.3399,5629
COROT-1,102.07988505885042,COROT-1b,1.2418,6243
WASP-12,97.6366528287125,WASP-12b,2.3122,6154
HD 213240,337.7515271512475,HD 213240 b,24.4385,5813
