col0,col1,col2,col3,col4,col5
EF Eridani,48.55521962816833,Eridanus,J2000.0,6.2656,14.53
V* WX LMi,156.6145562849134,Leo Minor,J2000.0,10.1476,12.493
V* ST LMi,166.4156925526754,Leo Minor,J2000.0,8.8338,12.907
2XMMp J131223.4+173659,198.0978154830616,Coma Berenices,J2000.0,1.8531,19.6459
