col0,col1,col2,col3,col4,col5,col6,col7
xenon-137,1145907.182,-1,caesium-137,isotope of xenon,136.911557773,54,-82383.404
xenon-122,1027809.008,1,iodine-122,isotope of xenon,121.908,54,-85354.977
xenon-133,1118882.051,1,caesium-133,isotope of xenon,132.90591075,54,-87643.571
xenon-110,897520.8,1,tellurium-109,isotope of xenon,109.944258765,54,-51922.625
