col0,col1,col2,col3,col4,col5,col6,col7
V* V971 Aql,0.06,J2000.0,291.51997073229,1600,Type II Cepheid,-5.848,Aquila
V* V716 Oph,-1.87,J2000.0,247.7061063267522,316,classical Cepheid variable,-25.789,Ophiuchus
V* AU Peg,7.96,J2000.0,321.0010095697417,65,Type II Cepheid,-12.887,Pegasus
TYC 813-1555-1,-0.2,J2000.0,132.2085881901793,13500,cepheid variable,-6.707,Cancer
V* CS Cas,0.1,J2000.0,357.5594070463797,15,Type II Cepheid,-3.565,Cassiopeia
