col0,col1,col2,col3,col4,col5
DQ Herculis,45.8590457360375,-0.948,astrophysical X-ray source,Hercules,271.8760461480006
A0620-00,-0.3456359524862,-5.204,astrophysical X-ray source,Monoceros,95.6855917981057
Eta Carinae,-59.68443085,-11,astrophysical X-ray source,Carina,161.2647729375
V603 Aquilae,0.5841264197088,-9.384,spectroscopic binary star,Aquila,282.2276537994968
DQ Herculis,45.8590457360375,-0.948,spectroscopic binary star,Hercules,271.8760461480006
