col0,col1,col2,col3,col4
manganese-62,25,61.947907386,92,37
manganese-61,25,60.944452544,0.67,36
manganese-60,25,59.943136576,0.28,35
manganese-59,25,58.940391113,4.59,34
manganese-58,25,57.940066646,3,33
manganese-57,25,56.938285968,85.4,32
manganese-56,25,55.938902947,2.5789,31
manganese-54,25,53.940356429,312.12,29
manganese-52,25,51.945563488,5.591,27
manganese-51,25,50.948208065,46.2,26
manganese-50,25,49.954237391,283.19,25
manganese-49,25,48.959612585,382,24
