col0,col1,col2,col3,col4,col5,col6,col7
KOI-22,J2000.0,16200,12.041,rotating variable star,0.21,46.32333138937222,Lyra
KIC 8226464,J2000.0,10700,11.46,rotating variable star,-0.08,44.1861768455524,Cygnus
KOI-199,J2000.0,23300,13.469,rotating variable star,0.1,46.95599025531001,Cygnus
V* V2279 Cyg,J2000.0,910,12.746,classical Cepheid variable,-0.08,43.8238561461733,Cygnus
FL Lyrae,J2000.0,13800,9.36,eclipsing binary star,-0.09,46.324129610599,Lyra
Kepler-45,J2000.0,54000,16.88,rotating variable star,0.32,41.06426564145028,Cygnus
Kepler-6,J2000.0,14220,11.634,rotating variable star,0.359,48.23993319636361,Cygnus
KIC 9832227,J2000.0,14500,12.369,eclipsing binary star,0.17,46.6221824049585,Cygnus
