col0,col1,col2,col3,col4,col5,col6
ICRF J195511.5+135816,-0.518,151309,Aquila,13.9711758786351,18.6,0.743
IVS B0828-064,-0.595,228860,Hydra,-6.6055549008336,19.0985,1.73
VCS3 J0955-1845,0.019,263047,Hydra,-18.7588512319714,18.4456,2.9137
VCS4 J1015-1952,-0.293,187312,Hydra,-19.8740469959929,17.8,1.081
VCS4 J0901-0702,-0.233,229234,Hydra,-7.0377957751457,18.2565,1.7382
NVSS J214721-062026,-0.368,159075,Aquarius,-6.3403710720167,17.7807,0.8058
ICRF J211022.6-012658,0.322,170191,Aquarius,-1.4495159589266,19.5427,0.9043
QSO B0450-469,-2.338,131612,Pictor,-46.8888621417843,19,0.6016
