col0,col1,col2,col3
2MASS J16161833+0540382,20,-0.00014,15.4123
2MASS J12155348+0050498,9,-0.00017,29.9888
LP 485-17,41,0.00002,59.8986
2MASS J16304139+0938446,4.95,-0.00025,26.5226
2MASS J23425639+1453598,-20,-0.00017,8.4274
2MASS J08553658+0252313,37,-0.00003,8.3768
2MASS J09141439+1057195,-0.8,-0.00007,15.2703
2MASS J09132109+2909003,35,-0.00008,10.7355
