col0,col1,col2,col3,col4
Cl* NGC 6811 SAN 206,1252.9758,8300,294.5072522208325,9.9
Cl* NGC 6811 SAN 165,1211.6806,7800,294.3801060021044,-0.8
TYC 3556-3655-1,709.4714,6900,295.0891086000324,4
Cl* NGC 6811 SAN 81,927.7298,7800,294.2070619943404,21.1
Cl* NGC 6811 SAN 113,1164.4155,7200,294.2727680365319,-0.7
