col0,col1,col2,col3
NGC 4945,[TSK2008] 240,-49.4679,196.3636625
Centaurus A,[TSK2008] 240,-43.019112667361,201.365062879333
NGC 6812,[T2015] nest 200765,-55.3468888774559,296.3509722445422
NGC 7213,[T2015] nest 200367,-47.1666894906385,332.3175444303696
Messier 77,[T2015] nest 200257,-0.0132889,40.6698792
NGC 2325,[T2015] nest 200160,-28.697235670167,105.668344449542
NGC 1477,[T2015] nest 200149,-8.5749538765875,58.5119903713107
NGC 4945,[T2015] nest 100350,-49.4679,196.3636625
