col0,col1,col2,col3
europium-148,samarium-148,147.918089294,-1
europium-149,samarium-149,148.917937086,1
europium-150,samarium-150,149.919707229,-1
europium-144,samarium-144,143.918819517,1
