col0,col1,col2,col3,col4,col5,col6
PN Sa 3-43,symbiotic binary,7.838,Ophiuchus,0.1361,-5.088,-30.0284853980363
Haro 1-2,symbiotic binary,13.43,Scorpius,0.0197,-6.51,-27.6695341001046
V* V379 Peg,symbiotic binary,10.524,Pegasus,9.3087,-53.1,23.1551831798427
WRAY 15-1108,symbiotic binary,12.5,Centaurus,0.0942,-6.089,-57.9722800852255
WRAY 16-186,symbiotic binary,11.6,Triangulum Australe,0.1693,-7.545,-66.4877974328692
CD-46 8238,symbiotic binary,9.37,Centaurus,0.7704,-0.604,-47.1810949122904
IRAS 17415-3441,symbiotic binary,10.747,Scorpius,0.2783,-7.005,-34.71103646694056
Hen 3-1591,symbiotic binary,12,Sagittarius,0.8323,-0.813,-25.8953685098991
