col0,col1,col2,col3
BD+47 2868,60,47.8372366406502,0.09
TYC 3138-1184-1,165,40.3068317105776,-0.14
HD 234824,142,50.5089747460389,-0.12
KIC 8396901,164,44.3328787484967,0
BD+48 2768,117,48.5422187874986,0.21
BD+44 3134,84,44.7459086927821,-0.11
BD+43 3245,154,43.7444198825038,0.15
HD 182952,126,43.859323699693,-0.31
HD 182271,210,37.8856928295532,-0.09
