col0,col1,col2,col3,col4
cobalt-70,0.5,69.949941,-46630,6
cobalt-69,229,68.946023102,-50279.157,3.5
cobalt-68,0.199,67.944250135,-51930.665,7
cobalt-67,0.425,66.940609628,-55321.775,3.5
cobalt-66,0.2,65.939442945,-56408.533,3
cobalt-64,0.3,63.935810291,-59792.329,1
