col0,col1,col2,col3,col4,col5,col6,col7
SDSS J075658.95+180737.8,hypervelocity star,0.00018,Cancer,17.222,18.1271907362773,0.4758,-0.49
SDSS J212702.61+002702.3,hypervelocity star,-0.00026,Aquarius,16.836,0.4506429322401,0.2193,-0.74
SDSS J031230.46+415649.0,hypervelocity star,-0.00019,Perseus,16.696,41.946940277267,0.6391,-0.16
SDSS J233707.58+495357.7,hypervelocity star,-0.00003,Andromeda,17.825,49.8993674129642,0.5598,-0.17
SDSS J073849.88+415907.9,hypervelocity star,-0.00012,Lynx,16.921,41.9855675566734,0.3673,-0.44
SDSS J000613.03+291353.3,hypervelocity star,-0.00028,Pegasus,18.947,29.231498527883,0.3603,-0.37
SDSS J093750.48+520739.3,hypervelocity star,-0.00018,Ursa Major,17.144,52.1275883482199,0.2489,-0.59
SDSS J002438.99-093916.8,hypervelocity star,-0.00015,Cetus,16.632,-9.6546726453432,0.3162,-0.41
SDSS J161837.44+321436.0,hypervelocity star,-0.00033,Corona Borealis,18.275,32.2433542675732,0.1907,-0.7
