col0,col1,col2,col3,col4,col5
KIC 5024601,17800000,-0.09,5.2,NGC 6819,40.1968304379197
KIC 5112974,15800000,-0.01,6.3,NGC 6819,40.25601249056111
KIC 4937257,15100000,-0.17,215,NGC 6819,40.0818841817201
2MASS J19403569+4005038,31700000,-0.23,5.8,NGC 6819,40.0843919075063
