col0,col1,col2,col3,col4,col5,col6,col7
mercury-181,101,0.5,-20661.136,180.977819357,1418981.899,-1,80
mercury-180,100,0,-20250.447,179.978260249,1410499.8,1,80
mercury-179,99,3.5,-16928.134,178.981826899,1399106.244,-1,80
mercury-178,98,0,-16315.901,177.982484158,1390422.614,1,80
