col0,col1,col2,col3,col4
IRAS 12116-6001,infrared source,-60.302159138075,-7.066,J2000.0
vdB 91,infrared source,-10.7045361447847,-2.801,J2000.0
BD-08 1208,infrared source,-8.7105416653045,-6.405,J2000.0
BD-10 1261,infrared source,-10.3116725706517,-1.371,J2000.0
HD 243588,infrared source,6.5881831080035,-9.988,J2000.0
