col0,col1,col2,col3,col4,col5,col6
NGC 4051,0.002336,12.92,0.0369,44.5313038096127,-0.711,11.02
NGC 3035,0.01437,13.5,0.9886,-6.8229220259287,-0.539,63.57
NGC 1218,0.028833,13.4,0.3472,4.110916891972,-0.67,116.08
NGC 7213,0.0058,12.08,0.8341,-47.1666894906385,-2.219,25.8
