col0,col1,col2,col3,col4,col5,col6,col7
mercury-185,105,0.5,-26183.666,184.971890676,1456789.53,-1,80
mercury-184,104,0,-26348.965,183.971713221,1448883.528,1,80
mercury-183,103,0.5,-23804.674,182.974444629,1438268.004,-1,80
mercury-182,102,0,-23576.922,181.974689132,1429968.904,1,80
