col0,col1,col2,col3,col4,col5,col6
NGC 1058,J2000.0,NGC 1023 Group,-2.006,40.8751030180145,471.1,2.42
NGC 5240,J2000.0,[TSK2008] 729,-0.148,203.9800015732153,2229,43.25
NGC 5290,J2000.0,[TSK2008] 725,-2.429,206.3298434278867,2567,34.51
NGC 4903,J2000.0,[T2015] nest 100064,-0.064,195.3448976066813,4970,71.86
