col0,col1,col2,col3,col4,col5
ytterbium-163,1.5,11.05,93,-1,162.9363398
ytterbium-162,0,18.87,92,1,161.935773771
ytterbium-161,1.5,4.2,91,-1,160.937906846
ytterbium-160,0,4.8,90,1,159.937559763
ytterbium-158,0,1.49,88,1,157.939870534
ytterbium-157,3.5,38.6,87,-1,156.94264923
ytterbium-156,0,26.1,86,1,155.942816893
ytterbium-155,3.5,1.793,85,-1,154.945783217
ytterbium-154,0,0.409,84,1,153.946395701
ytterbium-153,3.5,4.2,83,-1,152.94932
ytterbium-152,0,3.03,82,1,151.9503267
