col0,col1,col2,col3,col4,col5,col6,col7
HD 17086,60.5707635306336,1.1691,0.464,6.525,infrared source,8221,550
HD 8498,-30.9456149438354,4.4877,-45.643,5.819,infrared source,3706,2
HD 113778,-41.5884432460339,9.7869,-15.036,5.588,infrared source,4821,123
HD 213307,58.404095544516,3.3643,3.929,6.3,suspected variable,7800,25
HD 17086,60.5707635306336,1.1691,0.464,6.525,suspected variable,8221,550
Zeta Piscium B,7.5782440730054,24.2497,-53.374,6.32,suspected variable,6848,12600
40 Cassiopeiae,73.0400370013427,6.8758,-13.364,5.281,suspected variable,4980,316
