col0,col1,col2,col3,col4,col5
RX J2218.5+1925,334.6364960941104,Pegasus,J2000.0,4.1875,17.5
V* V1309 Ori,78.9225516007995,Orion,J2000.0,1.5482,13.512
V* EU Cnc,132.863234018186,Cancer,J2000.0,1.7827,21.75
V* V1043 Cen,198.321312194072,Centaurus,J2000.0,5.7869,11.932
