col0,col1,col2,col3,col4,col5,col6
ADS 1359,Algol variable,26.07503066701458,102,Cassiopeia,8511,HD 10543A
49 Leonis,Algol variable,158.758995525,23,Leo,9078,49 Leo B
ADS 1359,variable star,26.07503066701458,102,Cassiopeia,8511,HD 10543A
49 Leonis,variable star,158.758995525,23,Leo,9078,49 Leo B
