col0,col1,col2,col3,col4
iridium-193,116,192.962923824,iridium,1
iridium-192,115,191.962602485,iridium,1
iridium-191,114,190.960591527,iridium,1
iridium-190,113,189.960543445,iridium,-1
iridium-189,112,188.958722669,iridium,1
