col0,col1,col2,col3,col4,col5
ytterbium-151,0.5,1.6,81,1,150.955402458
ytterbium-150,0,200,80,1,149.95852
ytterbium-149,0.5,0.7,79,1,148.96436
lutetium-151,5.5,80.6,80,-1,150.967677
