col0,col1,col2,col3,col4,col5,col6,col7
plutonium-238,1801269.68,144,94,87.7,mercury-206,238.04955825,plutonium
plutonium-240,1813450.08,146,94,6561,mercury-206,240.053811812,plutonium
plutonium-238,1801269.68,144,94,87.7,ytterbium-180,238.04955825,plutonium
plutonium-247,1851018,153,94,2.27,americium-247,247.07419,plutonium
plutonium-246,1846608.594,152,94,10.84,americium-246,246.070204209,plutonium
plutonium-245,1840753.845,151,94,10.5,americium-245,245.067824568,plutonium
plutonium-243,1830034.944,149,94,4.956,americium-243,243.062002119,plutonium
plutonium-235,1781036.565,141,94,25.3,neptunium-235,235.045284682,plutonium
