col0,col1,col2,col3,col4,col5,col6,col7
zirconium-80,668800,40,yttrium-80,79.941642,1,4.6,-54360
zirconium-78,639132,40,yttrium-78,77.956146,1,170,-40850
zirconium-83,704537.117,40,strontium-82,82.929240925,-1,41.6,-65911.654
zirconium-81,679942.998,40,strontium-80,80.938314,-1,5.5,-57460.139
