col0,col1,col2,col3,col4,col5
11 Geminorum,6.92,-1.337,18.2,J2000.0,23.4694066176573
HD 55958,6.564,-5.626,28,J2000.0,-31.0836325399579
HD 171034,5.276,-11.434,4,J2000.0,-33.0165612619768
Psi2 Orionis,4.611,-0.77,25.4,J2000.0,3.09567157342583
Tau1 Lupi,4.553,-14.308,-21.5,J2000.0,-45.22142542556
53 Piscium,5.863,-9.073,-19,J2000.0,15.2317159587031
53 Persei,4.812,-34.832,7.3,J2000.0,46.4988775172771
Xi1 Canis Majoris,4.33,-3.224,26.9,J2000.0,-23.41842169167
