col0,col1,col2,col3,col4,col5,col6,col7
NGC 1156,7.6,J2000.0,[CHM2007] LDC 160,Aries,0.001248,374,25.2412084071381
NGC 2936,100.5,J2000.0,Arp 142,Hydra,0.02407,7225,2.7608820396367
Small Magellanic Cloud,0.06,J2000.0,Milky Way,Tucana,0.000527,162,-72.80028
Sextans B,1.43,J2000.0,Local Group,Sextans,0.001004,301,5.3359923696899
