col0,col1,col2,col3,col4,col5
CRTS J230020.7-001710,Algol variable,-3.538,2.75,345.0863295768373,J2000.0
SDSS J074646.58+211350.5,RR Lyrae variable,-4.667,83.58,116.6941058651278,J2000.0
CRTS J020906.4+143019,W Ursae Majoris variable,-2.554,9.7,32.2767379564345,J2000.0
SDSS J093155.70+095020.8,eclipsing binary star,-7.072,7.4,142.9820920241897,J2000.0
