col0,col1,col2,col3,col4,col5
strontium-77,-57803.436,rubidium-77,39,76.937945455,649565.686
strontium-76,-54247.639,rubidium-76,38,75.941762761,637938.604
strontium-75,-46618.694,rubidium-75,37,74.94995277,622238.325
strontium-74,-40827,rubidium-74,36,73.95617,608354
strontium-73,-31950,rubidium-73,35,72.9657,591446
strontium-77,-57803.436,krypton-76,39,76.937945455,649565.686
strontium-76,-54247.639,krypton-75,38,75.941762761,637938.604
strontium-75,-46618.694,krypton-74,37,74.94995277,622238.325
strontium-73,-31950,krypton-72,35,72.9657,591446
