col0,col1,col2,col3,col4,col5,col6,col7
SDSS J001720.40+343634.1,hypervelocity star,-0.00037,Andromeda,18.62,34.60948800288,0.4274,-0.58
SDSS J113237.93-072241.7,hypervelocity star,0.0006,Crater,19.245,-7.3782457271343,0.7725,-0.65
SDSS J133729.27+665608.9,hypervelocity star,-0.00023,Draco,14.68,66.9358184247898,0.951,-0.7
SDSS J051955.34+622136.1,hypervelocity star,0.00002,Camelopardalis,16.992,62.3600470218061,0.4191,-0.39
SDSS J203349.13+153932.8,hypervelocity star,-0.00016,Delphinus,15.179,15.6591187148498,0.8417,-0.45
SDSS J015016.52+143259.0,hypervelocity star,0.00003,Aries,18.677,14.5497435762047,0.2465,-0.53
