col0,col1,col2,col3,col4,col5,col6
niobium-84,zirconium-84,83.934279,1,707133.168,-61218.717,9.8
niobium-83,zirconium-83,82.938211,1,695399.232,-57556.083,3.8
niobium-82,zirconium-82,81.944079,1,681830,-52090,50
niobium-84,yttrium-83,83.934279,1,707133.168,-61218.717,9.8
