col0,col1,col2,col3,col4,col5,col6,col7
SDSS J104651.26+514442.3,14.7,-47.264,15.22,161.7136233271415,-0.00014,137.7,2800
SDSS J095325.21+425419.2,21,-20.671,14.329,148.3550366403165,0.00006,125.3,3000
2MASS J09551262+3818514,20.1,-89.872,13.932,148.802584274362,-0.00002,102.4559,3000
2MASS J12042861+3257571,-17.3,-18.448,14.045,181.1192447879758,-0.00007,519.7505,3600
