col0,col1,col2,col3,col4,col5,col6,col7
2MASS J04594100-6748243,8,-0.135,74.9209845039648,16.632,J2000.0,Large Magellanic Cloud,3950
2MASS J04590390-6750168,5,-0.11,74.7664228364723,16.36,J2000.0,Large Magellanic Cloud,3900
2MASS J04585982-6745050,4,0.285,74.7494090262782,16.57,J2000.0,Large Magellanic Cloud,4100
2MASS J05240960-2430265,4,-1.711,81.0400534391643,13.21,J2000.0,Messier 79,4179
