col0,col1,col2,col3,col4
NGC 4455,22.8204283614273,644,William Herschel,0.7444
NGC 4032,20.0738800184206,1270,William Herschel,0.4335
NGC 3037,-27.0110658035742,889,John Frederick William Herschel,0.6819
NGC 1679,-31.9655684287395,1052,John Frederick William Herschel,0.512
