col0,col1,col2,col3,col4
francium-206,119,205.998666211,francium,87
francium-205,118,204.998593858,francium,87
francium-204,117,204.000651974,francium,87
francium-203,116,203.000940872,francium,87
