col0,col1,col2,col3,col4,col5,col6
americium-248,10,1856776,95,248.075752,153,70563
americium-247,23,1852253,95,247.072092,152,67153
americium-246,25,1846230,95,246.069774,151,64994
americium-245,2.05,1841249.235,95,245.06645289,150,61900.469
americium-244,10.1,1835199.152,95,244.064282964,149,59879.196
americium-243,7370,1829832.039,95,243.06137994,148,57175.046
americium-242,16.02,1823467.822,95,242.059547428,147,55468.072
