col0,col1,col2,col3,col4,col5,col6
promethium-159,promethium,1292170.581,-56554.28,158.939286479,1.5,98
promethium-158,promethium,1286634.132,-59089.209,157.936565121,4.8,97
promethium-157,promethium,1281770.765,-62297.043,156.93312137,10.56,96
promethium-156,promethium,1275565.98,-64163.644,155.93111749,26.7,95
promethium-144,promethium,1195962.624,-81416.093,143.912596224,363,83
promethium-143,promethium,1189435.819,-82960.651,142.910938073,265,82
promethium-142,promethium,1179546.004,-81142.044,141.912890428,40.5,81
promethium-141,promethium,1170855.54,-80522.921,140.913555084,20.9,80
promethium-140,promethium,1160474.98,-78213.712,139.916034122,5.95,79
