col0,col1,col2,col3,col4
X Persei,58.8461578297353,6.72,binary star,-50
Vela X-1,135.5285878067474,6.87,binary star,99.04
LS I +61 303,40.1319341179735,10.75,binary star,-41.41
HD 49798,102.019583649332,8.287,binary star,12.1
