col0,col1,col2,col3
europium-155,gadolinium-155,154.922900102,1
europium-154,samarium-154,153.922985955,-1
europium-152,samarium-152,151.921751235,-1
europium-151,promethium-147,150.91985686,1
europium-158,gadolinium-158,157.927798581,-1
europium-157,gadolinium-157,156.925432791,1
