col0,col1,col2,col3,col4,col5,col6,col7
KIC 6445601,Cygnus,187,292.7309200173441,12.586,11200,rotating variable star,41.8411422753761
Cl* NGC 6752 SAW V13,Pavo,29,287.5595593847846,16.26,16000,SX Phoenicis variable,-60.0844554975994
Cl* NGC 6752 SAW V7,Pavo,38,287.7252708,15.59,8000,SX Phoenicis variable,-60.0033895
Cl* NGC 6397 LOAM 9,Ara,15,265.1837792,15.4,13000,SX Phoenicis variable,-53.6778972
