col0,col1,col2,col3,col4,col5
rhodium-92,1,770354.64,45,47,91.932367694
rhodium-91,1,757848,45,46,90.937123
rhodium-102,-1,874852.062,45,57,101.90683427
rhodium-101,-1,867409.816,45,56,100.906158905
