col0,col1,col2,col3,col4
AM Herculis,infrared source,-45.957,49.8679888503208,87.7555
UZ Fornacis,infrared source,-1.47,-25.73937933412028,239.601
HU Aquarii,infrared source,-64.673,-5.29459944006056,192.197
EF Eridani,nova-like stars,-54.87,-22.59525472749889,159.602
AM Herculis,astrophysical X-ray source,-45.957,49.8679888503208,87.7555
UZ Fornacis,astrophysical X-ray source,-1.47,-25.73937933412028,239.601
HU Aquarii,astrophysical X-ray source,-64.673,-5.29459944006056,192.197
