col0,col1,col2,col3,col4,col5
V Puppis,203,4.41,119.56016332833,19.4,infrared source
PU Puppis,105,4.7,114.57518920667,41,infrared source
Pi Scorpii,90,2.91,239.71297182417,-7.4,infrared source
HD 54912,40,5.69,107.4292619224312,27,infrared source
UW Canis Majoris,136,4.95,109.668248705712,20,infrared source
