col0,col1,col2,col3,col4,col5,col6
SDSS J103026.64+080707.6,21000,-7.757,J2000.0,157.611029463495,5604,5981
SDSS J131300.50+003337.4,39000,-6.189,J2000.0,198.2521075456156,5479,5140
OM 1,1050,-161.834,J2000.0,17.4970315027633,5251,268.9618
HVS 7,3160000,-0.677,J2000.0,173.3005130618965,13000,55
