col0,col1,col2,col3,col4
61 Cygni A,4593,316.7247483752822,61 Cygni,BD+38 4345
Mu2 Boötis,5979,231.128612828,mu Bootis,mu.02 Boo B
HD 16743,7025,39.7815117320346,HD 16699,HD 16699A
HD 139461,6348,234.6669187509173,** STF 1962,HD 139460
17 Crateris A,6240,173.06835150243666,17 Crateris,17 Crateris B
Gamma2 Delphini,4783,311.6645799400576,Gamma Delphini,Gamma1 Delphini
Beta1 Tucanae,10800,7.886116975,Beta Tucanae,Beta2 Tucanae
HD 7693,5062,18.754141993,Kappa Tucanae,Kappa Tucanae AB
HD 108574,6123,187.0185213755219,** STF 1645,HD 108575
