col0,col1,col2,col3,col4,col5,col6
lutetium-184,1465928,-36412,183.96091,3,lutetium,113
lutetium-183,1461220.596,-39716.11,182.957363,3.5,lutetium,112
lutetium-181,1450159.149,-44797.41,180.951908,3.5,lutetium,110
lutetium-180,1443966.84,-46676.348,179.949890876,5,lutetium,109
lutetium-179,1438278.067,-49058.918,178.947333082,3.5,lutetium,108
lutetium-177,1425460.296,-52383.806,176.943763668,3.5,lutetium,106
