col0,col1,col2,col3,col4,col5,col6
NZ Peg,5.762,infrared source,Gamma Doradus variable,324.7549527169491,20.2654492999374,135
V529 Andromedae,6.425,optical double,Delta Scuti variable,21.8611358826425,41.1011619749245,78
NZ Peg,5.762,astronomical object,Gamma Doradus variable,324.7549527169491,20.2654492999374,135
V529 Andromedae,6.425,variable star,Delta Scuti variable,21.8611358826425,41.1011619749245,78
NZ Peg,5.762,variable star,Gamma Doradus variable,324.7549527169491,20.2654492999374,135
V529 Andromedae,6.425,star,Delta Scuti variable,21.8611358826425,41.1011619749245,78
