col0,col1,col2,col3,col4,col5,col6,col7
plutonium-240,1813450.08,146,94,6561,silicon-34,240.053811812,plutonium
plutonium-238,1801269.68,144,94,87.7,magnesium-30,238.04955825,plutonium
plutonium-236,1788388.648,142,94,2.858,magnesium-28,236.046056756,plutonium
plutonium-238,1801269.68,144,94,87.7,magnesium-28,238.04955825,plutonium
