col0,col1,col2,col3,col4
VV Cephei,1475,63.62556039972,1.6661,Cepheus
Phi Cassiopeiae,263,58.2316146203123,0.246,Cassiopeia
R Cassiopeiae,1800,51.38880332701833,5.3417,Cassiopeia
L2 Puppis,123,-44.63973970722,7.3644,Puppis
Deneb,203,45.280338807,2.29,Cygnus
31 Aquilae,1.379,11.9444117535047,66.848,Aquila
Altair,1.7,8.868321196,194.95,Aquila
