col0,col1,col2,col3,col4
HD 52721,reflection nebula,-11.300922744,-5.08,J2000.0
HD 52329,reflection nebula,-8.8660230561582,-7.651,J2000.0
HD 51479,reflection nebula,-10.2798675362235,-3.27,J2000.0
BD-06 1444,reflection nebula,-6.1577080916352,-2.22,J2000.0
HD 42050,reflection nebula,-5.3395768754506,-3.841,J2000.0
HD 252680,reflection nebula,14.075172188308,-2.161,J2000.0
BD-06 1418,reflection nebula,-6.3612553364692,-3.45,J2000.0
HD 42004,reflection nebula,-6.2270805903654,-2.836,J2000.0
