col0,col1,col2,col3,col4,col5
NGC 7188,330.8708621362948,13.2,0.451,Francis Preserved Leavenworth,-20.3178648651882
NGC 5705,219.9570458,13.2,-1,Édouard Stephan,-0.7183833
NGC 1744,74.9905768635717,11.41,0.079,John Frederick William Herschel,-26.0221802434124
NGC 3794,175.2259591300405,12.9,-1.36,William Herschel,56.2020797664702
