col0,col1,col2,col3,col4
2E 714,0.425,17.47722,Aries,46.32917
[B2003] 57,0.141,0,Taurus,53.125
[B2003] 19,0.105,-0.083,Virgo,199.05
[B2003] 55,0.174,0.017,Cetus,46.075
[B2003] 54,0.186,0.217,Cetus,45.225
[B2003] 38,0.197,0.067,Cetus,7
