col0,col1,col2,col3
protactinium-241,91,241.064026,150
protactinium-211,91,211.023704,120
protactinium-240,91,240.061095,149
protactinium-239,91,239.05726,148
protactinium-238,91,238.054637,147
protactinium-237,91,237.051023,146
protactinium-236,91,236.048668,145
protactinium-235,91,235.045399,144
