col0,col1,col2,col3,col4
ruthenium-120,ruthenium,1,150,119.94631
ruthenium-118,ruthenium,1,123,117.938529
ruthenium-116,ruthenium,1,204,115.931219193
ruthenium-115,ruthenium,1,318,114.928942393
ruthenium-114,ruthenium,1,0.52,113.92461378
ruthenium-113,ruthenium,1,0.8,112.922846396
ruthenium-112,ruthenium,1,1.75,111.918806972
ruthenium-111,ruthenium,1,2.12,110.917567616
