col0,col1,col2,col3,col4
4395 Danbritt,12.8,Sun,0.0854475,101.55288
4394 Fritzheide,14.9,Sun,0.23,140.93362
4393 Dawe,12.7,Sun,0.12,86.82562
4392 Agita,13.7,Sun,0.12,294.06666
4391 Balodis,14.1,Sun,0.21,108.34315
4390 Madreteresa,13.3,Sun,0.2386209,267.84094
4389 Durbin,12.3,Sun,0.07,222.32028
