col0,col1,col2,col3,col4
cerium-140,82,139.905446424,cerium,1172684.38
hafnium-177,105,176.94323032,hafnium,1425174.795
hafnium-176,104,175.941409905,hafnium,1418799.184
barium-137,81,136.905827375,barium,1149680.299
