col0,col1,col2,col3
10 Persei,44,36.3167861710263,1704
5 Persei,30,32.871638425327,2395.7834
55 Cygni,38,312.2345463181053,1453
Mu Normae,57,248.52091783958,1108
