col0,col1,col2,col3
Hunor,0.08,245.1514913102025,HAT-P-2c
HD 25171,-0.14,58.9560011038075,HD 25171 b
HD 40979,0.19,91.12476220557042,HD 40979 b
HD 10647,0.08,25.62214534271625,HD 10647 b
WASP-14,-0.12,218.27648903062712,WASP-14b
HD 136118,-0.06,229.73113756709125,HD 136118 b
Sāmaya,0.11,324.5350163104362,Samagiya
