col0,col1,col2,col3,col4,col5,col6
108 Aquarii,17,0.73,12000,357.83890966708,-18.90916492472,3580000
Mu Leporis,27.1,-0.05,7000,78.2329382957827,-16.2054593837172,4720000
Alpha Sculptoris,9.6,0.41,1580,14.65149709542,-29.35745130944,10500000
Beta Ursae Majoris,-13.1,0.249,7800,165.46031890417,56.38242608667,1980000
