col0,col1,col2,col3,col4,col5,col6,col7
radon-208,1,0,-9655.591,1621207.744,isotope of radon,86,207.989634295
radon-207,-1,2.5,-8634.762,1612115.586,isotope of radon,86,206.9907302
radon-206,1,0,-9132.965,1604542.446,isotope of radon,86,205.990195358
radon-205,-1,2.5,-7709.786,1595048.01,isotope of radon,86,204.991723204
radon-204,1,0,-7970.193,1587237.096,isotope of radon,86,203.991443644
radon-203,-1,1.5,-6153.699,1577349.179,isotope of radon,86,202.993393732
radon-202,1,0,-6274.635,1569398.802,isotope of radon,86,201.993263902
radon-201,-1,1.5,-4072.324,1559125.242,isotope of radon,86,200.995628179
radon-200,1,0,-4004.765,1550986.4,isotope of radon,86,199.995700707
