col0,col1,col2,col3
chlorine-41,38.4,40.970684525,24
chlorine-40,1.35,39.970415469,23
chlorine-39,56.2,38.968008162,22
chlorine-38,37.24,37.968010418,21
