col0,col1,col2,col3,col4,col5,col6
barium-129,-85063.198,56,1,2.23,73,128.908680896
barium-128,-85378.497,56,1,2.43,72,127.908342408
barium-127,-82817.944,56,1,12.7,71,126.911091275
barium-126,-82669.902,56,1,100,70,125.911250204
