col0,col1,col2,col3,col4,col5,col6
calcium-52,0,51.963213648,-34266.266,20,4.6,32
calcium-51,1.5,50.960995665,-36332.304,20,10,31
calcium-50,0,49.957499217,-39589.224,20,13.9,30
calcium-49,1.5,48.955662875,-41299.765,20,8.718,29
calcium-47,3.5,46.954541394,-42344.418,20,4.536,27
calcium-45,3.5,44.956186326,-40812.174,20,162.61,25
