col0,col1,col2,col3
ESO 436-26,0.01425,Antlia,[T2015] nest 102659
2MASX J23484171+0214229,0.0307,Pisces,[T2015] nest 201802
2MASX J10222482-3617020,0.033967,Antlia,[T2015] nest 102158
2MASS J14125546+2118079,0.08558,Boötes,MLCG 0528
SDSS J110122.09+091829.0,0.03664,Leo,MLCG 0782
2MASX J22213246+0016455,0.05779,Aquarius,MLCG 0227
DEEP2-GRS 13063494,0.3574,Boötes,[GND2012] 681
DEEP2-GRS 14013327,0.76185,Boötes,[GND2012] 56
DEEP2-GRS 14029017,0.23508,Boötes,[GND2012] 287
