col0,col1,col2,col3
HD 86264,0.12,149.24099421917583,HD 86264 b
HAT-P-24,-0.16,108.82508088479875,HAT-P-24b
WASP-7,0.12,311.04258645842873,WASP-7b
Upsilon Andromedae,0.07,24.199342348,Upsilon Andromedae c
HAT-P-7,0.203,292.24730755480874,HAT-P-7b
COROT-4,0.15,102.1946390163096,COROT-4b
OGLE2-TR-L9,-0.05,166.9799208,OGLE2-TR-L9b
