col0,col1,col2,col3,col4
V* V934 Cen,540.2193,189.0339637989422,Centaurus,7.85
4U 1246-58,5,192.4140167,Crux,18.99
4U 0919-54,5,140.1103395272814,Vela,21
V* V4634 Sgr,7.5,277.3675,Sagittarius,19
