col0,col1,col2,col3,col4,col5,col6,col7
2MASS J01302276-7303339,-2.406,0.4956,52,22.5948804454813,2017.7563,-73.0594312501325,11.053
V* AY Lep,1.645,0.6448,290,80.7475929955728,1550.8685,-20.5480685405147,9.48
V* V382 Aur,-3.44,0.1111,10500,99.4684480173208,3.9,53.5172096517407,9.04
PS Gem,-4.112,0.3169,3,105.9151278023491,2.1,10.7702990432401,7.37
