col0,col1,col2,col3,col4,col5,col6
HD 120476A,3.1,flare star,7.54,26.979932940675,HD 120476,J2000.0
ADS 7251 B,2.3,flare star,7.81,52.6863628112122,ADS 7251,J2000.0
61 Cygni A,4,flare star,-0.21,38.7494158400991,61 Cygni,J2000.0
Gliese 79,7.2,flare star,7.88,-22.4348582565078,Hyades Stream,J2000.0
9 Ceti,8.2,flare star,0.21,-12.2094367708036,Hyades Stream,J2000.0
