col0,col1,col2,col3,col4,col5,col6,col7
caesium-113,-51764.53,iodine-109,58,dasdasj,55,920794.286,112.944428488
caesium-127,-86240.154,xenon-127,72,dasdasj,55,1068268.374,126.907417381
caesium-120,-73888.639,iodine-118,65,dasdasj,55,999417.6,119.920677279
caesium-113,-51764.53,xenon-112,58,dasdasj,55,920794.286,112.944428488
caesium-116,-62043,xenon-116,61,dasdasj,55,955260,115.933395
caesium-113,-51764.53,xenon-113,58,dasdasj,55,920794.286,112.944428488
