col0,col1,col2,col3,col4
2MASS J05233822-1403022,2100,80.9092660822235,15.98,infrared source
2MASS J05002100+0330501,1600,75.0875531777627,9.65,infrared source
2MASS J03552337+1133437,1500,58.8474050897379,12.31,infrared source
2MASS J07003664+3157266,2100,105.15298618895709,29.91,spectroscopic binary star
2MASS J05233822-1403022,2100,80.9092660822235,15.98,astronomical radio source
2MUCD 10764,2100,131.8697570149388,23.29,brown dwarf
2MASS 0835-08,1800,128.9272180413897,14.18,brown dwarf
2MASS J07464256+2000321,2100,116.677064,32.72,brown dwarf
2MASS J07171626+5705430,1700,109.317775198477,13.93,brown dwarf
