col0,col1,col2,col3,col4,col5
HE 1318-2451,carbon star,4749,Hydra,-25.1251632451223,0.9385
HE 0432-5424,carbon star,4500,Dorado,-54.299870253526,0.1123
V* ST Cam,carbon star,2800,Camelopardalis,68.1687906930313,1.6725
2MASS J03295552-0003538,carbon star,5824,Taurus,-0.0650133358602,0.4721
SOPS IV e-62,carbon star,4500,Centaurus,-38.8886628752181,0.3378
C* 731,carbon star,4250,Canis Major,-27.4713244027563,0.1299
MC79 2-18,carbon star,4914,Carina,-75.1497803772326,2.9066
