col0,col1,col2,col3,col4,col5,col6
NGC 1140,1500,[CHM2007] LDC 182,17.3,J2000.0,43.6396911780703,interacting galaxies
Arp 220,5427,[CHM2007] LDC 1130,83.5,J2000.0,233.738433167,interacting galaxies
NGC 2903,554,[TSK2008] 271,9.33,J2000.0,143.0421292,astrophysical X-ray source
NGC 3077,-7,M81 Group,3.8,J2000.0,150.8295689628838,astrophysical X-ray source
Arp 220,5427,[CHM2007] LDC 1130,83.5,J2000.0,233.738433167,astrophysical X-ray source
NGC 1140,1500,[CHM2007] LDC 182,17.3,J2000.0,43.6396911780703,astronomical radio source
NGC 5478,7530,[CHM2007] LDC 1030,108.07,J2000.0,212.0354203355595,astronomical radio source
NGC 2903,554,[TSK2008] 271,9.33,J2000.0,143.0421292,astronomical radio source
Arp 220,5427,[CHM2007] LDC 1130,83.5,J2000.0,233.738433167,astronomical radio source
