col0,col1,col2,col3,col4,col5
2MASS J08094219-4719526,-47.3313081555318,J2000.0,2.7687,26000,361.1803
2MASS J08093589-4718524,-47.3145791937612,J2000.0,2.8668,26300,348.821
2MASS J08095426-4721418,-47.3616294291094,J2000.0,2.5342,17800,394.6018
HD 262110,9.3176635471251,J2000.0,6.0981,36000,163.9855
CD-55 4799,-56.5938383203762,J2000.0,7.7172,68000,129.5807
CD-43 10072,-44.196504445233,J2000.0,7.8325,47000,127.6732
HD 139614,-42.4982052579188,J2000.0,7.4243,16000,134.6928
