col0,col1,col2,col3,col4,col5,col6
holmium-164,163.930239483,67,29,1,holmium,-64981.503
holmium-163,162.928739921,67,4570,-1,holmium,-66378.335
holmium-162,161.929101485,67,15,1,holmium,-66041.541
holmium-161,160.927860759,67,2.48,-1,holmium,-67197.27
holmium-160,159.928735204,67,25.6,1,holmium,-66382.73
holmium-159,158.927718768,67,33.05,-1,holmium,-67329.534
holmium-158,157.928944692,67,11.3,1,holmium,-66187.593
holmium-157,156.928251999,67,12.6,-1,holmium,-66832.832
holmium-156,155.929705436,67,56,-1,holmium,-65478.964
