col0,col1,col2,col3,col4
francium-202,115,202.003323946,francium,87
francium-201,114,201.003852496,francium,87
francium-200,113,200.006583507,francium,87
francium-199,112,199.007269389,francium,87
