col0,col1,col2,col3,col4,col5,col6
promethium-139,promethium,1151690.477,-77500.481,138.916799806,4.15,78
promethium-138,promethium,1141059.072,-74940.483,137.919548077,10,77
promethium-137,promethium,1132120.187,-74072.848,136.920479522,2.4,76
promethium-136,promethium,1121145.92,-71169.915,135.923595949,47,75
