col0,col1,col2,col3,col4,col5,col6
HD 283750,8,flare star,7.96,27.13219397550333,** GIC 49,J2000.0
GJ 3379,4.9,flare star,0.07,2.7065546607807,Hyades Stream,J2000.0
VB 10,2.7,flare star,0.09,5.1504412986808,** LDS 6334,J2000.0
Gliese 174,10.8,flare star,0.17,20.9015133196549,Ursa Major Moving Group,J2000.0
40 Eridani A,2.1,flare star,-0.54,-7.65287169083,STF 518ABC,J2000.0
ADS 7251 B,2.3,binary star,7.81,52.6863628112122,ADS 7251,J2000.0
61 Cygni A,4,binary star,-0.21,38.7494158400991,61 Cygni,J2000.0
