col0,col1,col2,col3
chlorine-51,200,51.015341,34
chlorine-50,620,50.008309,33
chlorine-49,170,49.001009,32
chlorine-48,200,47.995405,31
chlorine-47,101,46.989501,30
chlorine-46,232,45.985121323,29
chlorine-45,413,44.980394353,28
chlorine-44,0.56,43.978116312,27
chlorine-34,1.5264,33.973762491,17
chlorine-33,2.511,32.977451989,16
chlorine-32,298,31.985684637,15
chlorine-31,150,30.992448098,14
