col0,col1,col2,col3,col4,col5,col6
calcium-56,0,55.98508,-13898,20,11,36
calcium-55,2.5,54.9803,-18350,20,22,35
calcium-54,0,53.972989,-25160.585,20,86,34
calcium-53,1.5,52.968451,-29387.704,20,90,33
