col0,col1,col2,col3,col4,col5,col6
IC 4218,0.01934,14.73,0.1591,-2.2613121204238,-6.8,85.9
Markarian 231,0.04147,13.84,0.0057,56.8736773764425,-0.053,179.6
NGC 5515,0.02583,13,0.4011,39.3102502295246,-7.118,114.1
NGC 4253,0.013,13.57,0.1146,29.8129218528984,0.338,54
NGC 4235,0.00742,13.6,0.158,7.19157363632,-2.587,35.1
