col0,col1,col2,col3,col4,col5,col6
NZ Peg,5.762,star,Gamma Doradus variable,324.7549527169491,20.2654492999374,135
KIC 7955898,12.09,Gamma Doradus variable,rotating variable star,290.3877139658572,43.7452758985241,189
ESO-HA 532,11.306,Gamma Doradus variable,Gamma Doradus variable,100.3701906109558,10.1540336542364,1.2
TYC 3543-2942-1,12.07,Gamma Doradus variable,rotating variable star,291.0869562704605,45.6546330211521,10
HD 181654,8.16,Gamma Doradus variable,rotating variable star,289.8633540828436,41.2237701148511,105
58 Vir,6.89,Gamma Doradus variable,Gamma Doradus variable,199.3638569178204,-10.5462903313949,40
