col0,col1,col2,col3,col4,col5,col6
SDSS J095549.50+004537.4,26000,-4.328,J2000.0,148.9562769769041,5666,1789
OM 98,21,-40.59,J2000.0,118.991966066096,4481,1600.256
TYC 7484-503-1,4,-19.497,J2000.0,317.4916876106049,4020,2950.09
TYC 7966-740-1,162,-5.292,J2000.0,317.9423610095947,5140,1414.2271
TYC 7969-587-1,850,-21.272,J2000.0,316.2355508650827,5115,1635.323
TYC 7966-620-1,316000,-37.93,J2000.0,318.4604385566718,3800,191.5635
