col0,col1,col2,col3,col4,col5,col6,col7
zirconium-103,867867.185,40,niobium-102,102.92719724,-1,1.32,-67815.334
zirconium-102,863568.21,40,niobium-102,101.923147431,1,2.9,-71587.707
zirconium-101,857075.092,40,niobium-101,100.92145311,1,2.3,-73165.957
zirconium-100,852215.3,40,niobium-100,99.918005444,1,7.1,-76377.437
zirconium-99,845387.136,40,niobium-99,98.916670835,1,2.1,-77620.617
zirconium-98,840981.904,40,niobium-98,97.912735124,1,30.7,-81286.709
zirconium-97,834566.563,40,niobium-97,96.910957386,1,16.749,-82942.661
zirconium-95,821141.24,40,niobium-95,94.908,1,64.032,-85659.94
zirconium-88,762610.904,40,yttrium-88,87.910220709,1,83.4,-83628.871
