col0,col1,col2,col3,col4,col5,col6
promethium-135,promethium,1111956.795,-70052.075,134.924796,49,74
promethium-134,promethium,1100572.15,-66738.751,133.928353,5,73
promethium-133,promethium,1091169.639,-65407.646,132.929782,13.5,72
promethium-132,promethium,1079364,-61628,131.93384,6.2,71
promethium-131,promethium,1069222,-59660,130.935952,6.3,70
promethium-130,promethium,1056900,-55396,129.94053,2.6,69
