col0,col1,col2,col3,col4,col5,col6
[MRD2012] 2188,19.492,5.5199,irregular variable,-5.3599567369501,52.696083,Orion
2MASS J05353920-0516355,11.411,2.9762,irregular variable,-5.2765193485814,35.461823,Orion
TYC 8908-868-1,11.365,0.3273,irregular variable,-60.4919601133628,92.04,Carina
HD 238026,9.71,7.6511,irregular variable,58.444477503993,-22.86,Ursa Major
StM 398,13.5,0.3638,irregular variable,29.2370277440889,-2.98,Hercules
V* BO Nor,11.16,0.546,irregular variable,-59.5679717134271,68.65,Norma
V538 Cas,7.8,2.027,irregular variable,61.7178908259106,-26.62,Cassiopeia
V422 Lac,7.85,1.1853,irregular variable,47.9300703621212,-1.9,Lacerta
