col0,col1,col2,col3,col4
scandium-60,59.99565,21,471900,360
scandium-59,58.98894,21,470053,360
scandium-58,57.98403,21,466610,12
scandium-57,56.97746,21,464631.681,22
scandium-56,55.97332,21,460416.768,26
scandium-55,54.967622601,21,457652.525,96
scandium-54,53.96361662,21,453312.774,526
scandium-53,52.958231821,21,450257.313,2.4
