col0,col1,col2,col3,col4
EF Eridani,astrophysical X-ray source,-54.87,-22.59525472749889,159.602
AM Herculis,spectroscopic binary star,-45.957,49.8679888503208,87.7555
EF Eridani,spectroscopic binary star,-54.87,-22.59525472749889,159.602
AM Herculis,cataclysmic variable star,-45.957,49.8679888503208,87.7555
HU Aquarii,cataclysmic variable star,-64.673,-5.29459944006056,192.197
V* V808 Aur,Polar,-22.302,44.068084489903,216.3659
