col0,col1,col2,col3,col4,col5,col6
lutetium-176,1418387.52,-53382.236,175.942691809,7,lutetium,105
lutetium-175,1412099.5,-55165.582,174.940777308,3.5,lutetium,104
lutetium-173,1397672.19,-56880.916,172.938935822,3.5,lutetium,102
lutetium-172,1389455.904,-56735.98,171.939091417,4,lutetium,101
lutetium-171,1382477.031,-57828.395,170.93791866,3.5,lutetium,100
lutetium-170,1373883.56,-57306.224,169.938479234,0,lutetium,99
lutetium-169,1366590.615,-58084.563,168.937643653,3.5,lutetium,98
lutetium-167,1349864.507,-57501.125,166.93827,3.5,lutetium,96
