col0,col1,col2,col3,col4,col5,col6
HD 144432,2,astronomical object,J2000.0,Scorpius,241.7414709445466,-24.4
HD 50138,34,variable star,J2000.0,Monoceros,102.8891624546473,-3.681
HD 100546,9.1,variable star,J2000.0,Musca,173.35600202421753,-38.594
AB Aurigae,8.9,T Tauri type star,J2000.0,Auriga,73.9410249910073,-24.112
