col0,col1,col2,col3,col4,col5,col6
neptunium-244,1833416,151,neptunium,244.06785,plutonium-244,2.29
neptunium-233,1769910.173,140,neptunium,233.040739489,uranium-233,36.2
neptunium-238,1800760.598,145,neptunium,238.050944671,plutonium-238,2.117
neptunium-240,1812041.52,147,neptunium,240.05616383,plutonium-240,7.22
