col0,col1,col2,col3,col4,col5,col6
bismuth-204,11.22,lead-204,-20645.896,203.977835717,1,83
bismuth-203,11.76,lead-203,-21524.827,202.976892145,-1,83
bismuth-202,1.71,lead-202,-20741.484,201.9777331,1,83
bismuth-201,103,lead-201,-21416.433,200.977008512,-1,83
bismuth-200,31,lead-200,-20370.755,199.978131093,1,83
bismuth-199,27,lead-199,-20797.566,198.977672893,-1,83
