col0,col1,col2,col3,col4,col5,col6
7C 154416.89+820431.00,-0.035,17.6,BL Lac object,0.0029,235.0661620803798,J2000.0
87GB 011304.1+034122,0.005,17.82,BL Lac object,0.1858,18.9187978167377,J2000.0
3FHL J1744.9-1726,-1.264,10.289,BL Lac object,2.4098,266.2480595626679,J2000.0
QSO B0521-365,-0.119,14.62,BL Lac object,0.1199,80.7415998693498,J2000.0
2MASS J22110990-0023276,-1.169,19.99,BL Lac object,0.1872,332.7911895514514,J2000.0
2MASS J22110831-0003023,0.184,19,BL Lac object,0.3809,332.784767086472,J2000.0
9C J0925+3127,0.318,18.72,BL Lac object,0.9741,141.4318746613822,J2000.0
QSO B1517+656,-0.135,15.9,BL Lac object,0.0862,229.4482851875168,J2000.0
