col0,col1,col2,col3,col4,col5,col6
promethium-129,promethium,1046319,-52881,128.94323,2.4,68
promethium-128,promethium,1033216,-47786,127.9487,1,67
promethium-151,promethium,1244431.77,-73386.063,150.921216817,28.4,90
promethium-145,promethium,1203885.265,-81267.474,144.912755773,17.7,84
