col0,col1,col2,col3,col4,col5
Iota Tucanae,Tucana,0.03,92.4232,-61.7752899405157,5.8
V367 Cep,Cepheus,0.02,310.7037,62.8155625212247,5.8
V* RV Equ,Equuleus,-0.07,292.0305,8.9936573171774,5.3
Betelgeuse,Orion,0.01,200,7.407063995,5
