col0,col1,col2,col3,col4,col5,col6,col7
V* SV Ret,19.95,58.4275997613427,long period variable,3,Mira variable,3186.29,J2000.0
V* V802 Sco,18.52,243.3323277105716,long period variable,1,Mira variable,7575.44,J2000.0
IRAS 05563-4250,36.75,89.4689772817021,long period variable,3,Mira variable,1853.24,J2000.0
ASAS J111848-6821.7,-30.724,169.6944915366844,long period variable,1,Mira variable,3759.99,J2000.0
V* V435 Vel,22.07,161.9439396215657,SRA semi-regular,3,Mira variable,953.171,J2000.0
ASAS J074120-5038.4,126.72,115.3329400865124,long period variable,3,Mira variable,4029.09,J2000.0
