col0,col1,col2,col3,col4,col5
Alpha Lyncis,34.39256237389,3882,-2.32,32,BD+35 1981
Lambda Andromedae,46.45814944,4510,1.753,460,BD+45 4283C
Fomalhaut A,-29.622237033,7671,1.73,10700,Fomalhaut C
lam Ori A,9.9341556,34000,-4.25,6600,Lambda Orionis B
