col0,col1,col2,col3,col4,col5
[KRL2007b] 129,pulsar,5.5,J2000.0,0.0635,-63.9691194915237
PSR B0628-28,pulsar,0.32,J2000.0,3.01,-28.5786472
PSR J1024-0719,pulsar,1.22,J2000.0,0.77,-7.3219639
PSR J1402-5124,pulsar,553.7405,J2000.0,1.8059,-51.386572560493
PSR J1144-6146,pulsar,639.959,J2000.0,1.5626,-61.7805170952877
PSR J1335-3642,pulsar,410.9476,J2000.0,2.4334,-36.7017086848673
PSR J1713+0447,pulsar,1.18,J2000.0,0.915,7.793757333
PSR B1929+10,pulsar,0.31,J2000.0,21.5,10.99256
PSR J1744-3130,pulsar,3.3,J2000.0,0.7194,-31.5011874251921
