col0,col1,col2,col3,col4,col5,col6
sodium-19,sodium,8,40,19.013880272,11,131819.815
sodium-18,sodium,7,0.0013,18.026879386,11,111639.906
sodium-26,sodium,15,1.07128,25.992634649,11,208109.226
sodium-25,sodium,14,59.1,24.989953973,11,202534.925
