col0,col1,col2,col3,col4
neodymium-158,60,1,157.94197,50
neodymium-156,60,1,155.935078868,5.06
neodymium-154,60,1,153.929333977,25.9
neodymium-141,60,1,140.909615488,2.49
neodymium-140,60,1,139.909544332,3.37
neodymium-139,60,1,138.911954407,29.7
neodymium-138,60,1,137.911949717,5.04
neodymium-137,60,1,136.914562448,38.5
neodymium-136,60,1,135.914976064,50.65
neodymium-134,60,1,133.91879021,8.5
neodymium-133,60,1,132.922348,70
neodymium-132,60,1,131.923321237,94
