col0,col1,col2,col3,col4,col5,col6
KUV 16081+2229,-0.00022,-66,7467,J2000.0,Hercules,17.409
PG 1230+226,-0.00042,-126,11173,J2000.0,Coma Berenices,15.19
2MASS J15321369+3701046,0.00057,171,11245,J2000.0,Corona Borealis,17.47
SDSS J155904.62+035623.4,0.00184,-453,49802,J2000.0,Serpens,18.24
