col0,col1,col2,col3,col4,col5,col6
sodium-32,sodium,21,13.2,32.020011026,11,231036.192
sodium-31,sodium,20,17,31.013146656,11,229358.987
sodium-30,sodium,19,48,30.009097932,11,225059.04
sodium-29,sodium,18,44.9,29.002877092,11,222782.379
