col0,col1,col2,col3,col4,col5,col6,col7
Phi Piscium,24.5837013612898,8.1541,-21.415,4.66,suspected variable,4815,355
Tau Andromedae,40.57704839722,4.9172,-21.498,4.94,suspected variable,12680,2275
Eta Piscium,15.34582459444,12.0337,-4.956,3.62,suspected variable,4936,150
Saiph,-9.66960491861,5.04,-1.28,2.06,suspected variable,23170,500
Tau Andromedae,40.57704839722,4.9172,-21.498,4.94,optical double,12680,2275
37 Ceti A,-7.9228256022704,41.8304,123.66,5.13,high proper-motion star,6502,12590
Omicron Piscium,9.1577534268754,13.1012,53.109,4.26,high proper-motion star,5004,370
107 Piscium,20.2685167339068,131.4903,-674.505,5.24,high proper-motion star,5227,35480
Phi Piscium,24.5837013612898,8.1541,-21.415,4.66,astrophysical X-ray source,4815,355
