col0,col1,col2,col3,col4,col5,col6,col7
HD 128311,219.00233639301123,Ursa Major Moving Group,5.6,0.05,-9.62,9.74651490096805,-9.577
HD 222143,354.4936990946957,Hyades Stream,5.7,0.13,-0.14,46.1994339441213,-0.104
DS Leo,165.6597580263712,Ursa Major Moving Group,2.6,7.99,-14.059,21.9671401332591,-13.853
HD 222143,354.4936990946957,Hyades Stream,2.2,0.13,-0.14,46.1994339441213,-0.104
