col0,col1,col2,col3,col4,col5,col6,col7
actinium-230,230.036327,89,1752935.8,thorium-230,141,1,actinium
actinium-231,231.038393,89,1759082.556,thorium-231,142,1,actinium
actinium-232,232.042034,89,1763762.368,thorium-232,143,1,actinium
actinium-228,228.031019767,89,1741736.688,thorium-228,139,1,actinium
