col0,col1,col2,col3
2MASS J09045131+1043091,7,-0.00015,12.2874
2MASS J08491210+0110435,88,0.00002,6.9934
2MASS J09070197+3100374,83,0.00003,3.9271
2MASS J08530925+2625482,41,-0.00007,8.3478
2MASS J07475151+2658483,34,-0.00012,15.3814
2MASS J08264262+1939224,-31,-0.00024,23.7316
