col0,col1,col2,col3,col4,col5,col6,col7
SDSS J021452.11-090345.0,22.4,-23.765,15.36,33.7171351561329,0,319.1,3100
SDSS J102042.24+621525.2,8.2,-47.804,13.871,155.1761071373353,-0.00013,105.8997,2900
SDSS J120333.70+491439.8,-18.8,-12.642,14.239,180.8904205359601,-0.00007,727.3785,3600
SDSS J103909.66+593745.3,15.6,-23.141,14.081,159.7902266404146,0.00002,722.5956,3800
SDSS J101606.19+335148.8,0.7,-28.372,13.361,154.0257643513346,0.00002,210.8859,3200
2MASS J12044627+4025584,-37.6,-13.414,15.181,181.1926615404685,-0.00011,475.3,3200
