col0,col1,col2,col3,col4
samarium-143,1,8.75,142.914634821,promethium-143
samarium-142,1,72.49,141.915204532,promethium-142
samarium-141,1,10.2,140.918481591,promethium-141
samarium-140,1,14.82,139.918994717,promethium-140
