col0,col1,col2,col3,col4,col5
ytterbium-180,0,2.4,110,1,179.95212
ytterbium-179,0.5,8,109,-1,178.95004
ytterbium-178,0,74,108,1,177.94664971
ytterbium-177,4.5,1.911,107,1,176.945263848
