col0,col1,col2,col3,col4,col5,col6,col7
NGC 4248,7.2,J2000.0,[CHM2007] LDC 867,Canes Venatici,0.001758,445.9,47.4091807412126
NGC 4214,2.94,J2000.0,[CHM2007] LDC 867,Canes Venatici,0.00097,291,36.3268889
NGC 4449,4.27,J2000.0,[CHM2007] LDC 867,Canes Venatici,0.00063,204,44.0935583
NGC 4248,7.2,J2000.0,[CHM2007] HDC 706,Canes Venatici,0.001758,445.9,47.4091807412126
NGC 4214,2.94,J2000.0,[CHM2007] HDC 706,Canes Venatici,0.00097,291,36.3268889
