col0,col1,col2,col3,col4,col5,col6
promethium-154,promethium,1263771.74,-68511.976,153.926449364,1.73,93
promethium-148,promethium,1223697.448,-76865.716,147.917481255,5.368,87
promethium-146,promethium,1210143.484,-79454.309,145.914702286,5.53,85
promethium-150,promethium,1236571.5,-73597.139,149.920990217,2.68,89
