col0,col1,col2,col3,col4,col5,col6
lutetium-166,1340313.05,-56020.981,165.939859,6,lutetium,95
lutetium-165,1332662.925,-56442.242,164.939406758,0.5,lutetium,94
lutetium-162,1304838.558,-52831.753,161.943282776,1,lutetium,91
lutetium-161,1296497.741,-52562.344,160.943572,0.5,lutetium,90
lutetium-157,1258090.769,-46440.523,156.950144045,0.5,lutetium,86
