col0,col1,col2,col3,col4
Aquila X-1,5.2,287.816875,Aquila,14.8
Big Dipper,1274.05,247.0230492984283,Norma,9.011
3XMM J182833.7-103702,1339.2259,277.1407312504159,Scutum,10.7
Hercules X-1,6.6,254.4575461657005,Hercules,13.63
