col0,col1,col2,col3,col4,col5,col6
V* RU Hyi,19.9978987817657,Hydrus,4592.59,J2000.0,RV Tauri variable,-81.5559796466395
TYC 3229-1483-1,349.7431678106794,Andromeda,1940.9938,J2000.0,RV Tauri variable,44.0968375903439
V* CT Ori,92.4916342218416,Orion,5.9,J2000.0,RV Tauri variable,9.8755131019504
V* RU Cen,182.3492279942179,Centaurus,1925.2984,J2000.0,RV Tauri variable,-45.4263370558789
