col0,col1,col2,col3,col4
4381 Uenohara,11.3,Sun,0.0788223,228.26277
4380 Geyer,11.8,Sun,0.06,45.85855
4379 Snelling,11.8,Sun,0.12,171.37883
4378 Voigt,11.7,Sun,0.24,128.54573
4377 Koremori,13.5,Sun,0.07,334.84039
4376 Shigemori,13.4,Sun,0.1579926,193.32192
4375 Kiyomori,13.1,Sun,0.1,70.18606
4374 Tadamori,13.3,Sun,0.17,339.05846
4373 Crespo,13.5,Sun,0.1756742,240.53494
4372 Quincy,13,Sun,0.12,16.22949
4371 Fyodorov,13.2,Sun,0.19,168.487
4370 Dickens,14.3,Sun,0.1996041,153.38646
