col0,col1,col2,col3,col4
2202 Pele,17.1,Sun,0.511642,217.927
1744 Harriet,13.5,Sun,0.12,156.10119
1628 Strobel,10.02,Sun,0.0671617,288.95232
1043 Beate,9.6,Sun,0.0386906,156.36622
1042 Amazone,9.9,Sun,0.0876492,297.84835
1041 Asta,10.1,Sun,0.14,344.1709
