col0,col1,col2,col3
89 Herculis,J2000.0,5.36,268.8549518582124
U Orionis,J2000.0,5.4,88.9548708001836
R Hydrae,J2000.0,4.97,202.42825778083
NGC 6302,J2000.0,10.1,258.4347458
