col0,col1,col2,col3,col4
4388 Jürgenstock,13.4,Sun,0.2790316,194.88118
4387 Tanaka,12.7,Sun,0.01,19.08862
4386 Lüst,12.9,Sun,0.19,129.42308
4385 Elsässer,13,Sun,0.18,310.93511
4383 Suruga,13,Sun,0.06,318.62334
4384 Henrybuhl,12.4,Sun,0.18,45.17804
4382 Stravinsky,12.4,Sun,0.19,251.30545
