col0,col1,col2,col3,col4
potassium-53,calcium-52,30,1.5,52.9868
potassium-52,calcium-52,118,2,51.981602
potassium-53,calcium-51,30,1.5,52.9868
potassium-52,calcium-51,118,2,51.981602
potassium-51,calcium-51,365,0.5,50.975827867
potassium-52,calcium-50,118,2,51.981602
potassium-51,calcium-50,365,0.5,50.975827867
potassium-50,calcium-49,472,0,49.972380017
potassium-49,calcium-49,1.26,0.5,48.968210755
potassium-48,calcium-47,6.8,2,47.965341186
potassium-47,calcium-47,17.5,0.5,46.961661614
