col0,col1,col2,col3,col4,col5,col6,col7
NGC 5004B,14.67,Coma Berenices,J2000.0,William Herschel,0.0212,197.6985166528896,82.04
NGC 5000,13.41,Coma Berenices,J2000.0,William Herschel,0.01865,197.447725,83.27
NGC 4793,11.93,Coma Berenices,J2000.0,William Herschel,0.0084,193.6692225994052,29.92
NGC 4818,11.3,Virgo,J2000.0,William Herschel,0.0023,194.2037792,11.64
