col0,col1,col2,col3,col4,col5,col6,col7
2MASS J04590212-6744357,3,0.228,74.758961173022,16.17,J2000.0,NGC 1786,4100
2MASS J04373312-7036045,6,-0.285,69.3880403277985,16.698,J2000.0,NGC 1651,3780
2MASS J04590212-6744357,3,0.228,74.758961173022,16.17,J2000.0,Large Magellanic Cloud,4100
2MASS J04373312-7036045,6,-0.285,69.3880403277985,16.698,J2000.0,Large Magellanic Cloud,3780
2MASS J04593074-6755371,5,0.038,74.8782479986345,16.806,J2000.0,Large Magellanic Cloud,3600
