col0,col1,col2,col3,col4,col5,col6
PGC 69307,0.024043,14.5,0.2578,-12.5452462211162,-1.1,103.7
PGC 62346,0.0142,14.1,0.2712,-62.3646865952261,-0.318,60.52
PGC 53898,0.03588,15.5,0.0794,3.7073158636657,-0.045,157.3
PGC 49078,0.03288,16.23,0.4998,2.0792094156284,-0.477,142.3
ESO 216-24,0.016912,9.558,2.5722,-49.1770678229709,1.407,74
MCG+09-19-073,0.02069,16.47,0.38,54.3825355787237,-1.125,90.5
MCG-01-13-025,0.013,14.18,0.2732,-3.8093709736587,-0.447,68
