col0,col1,col2,col3,col4
vanadium-45,titanium-45,23,44.965768951,-1
vanadium-63,chromium-62,23,62.9765,-1
vanadium-61,chromium-60,23,60.96725,-1
vanadium-59,chromium-58,23,58.959385659,-1
vanadium-58,chromium-57,23,57.956626932,1
vanadium-57,chromium-56,23,56.952320197,-1
vanadium-56,chromium-55,23,55.950450694,1
vanadium-55,chromium-55,23,54.947241114,-1
vanadium-53,chromium-53,23,52.944335593,-1
vanadium-44,titanium-44,23,43.97411,1
