col0,col1,col2,col3,col4,col5
Rigel,0.5,56,-8.201638365,37,Orion
HD 103313,-41.915,6000,0.5521147977459,66.6,Virgo
CS Camelopardalis,-1.85,45,59.9403370179231,41,Camelopardalis
CD-59 4454,-4.849,4800,-60.3880116719439,48,Crux
