col0,col1,col2,col3,col4,col5
Kappa Cassiopeiae,-1.269,280,62.93178260389,59,Cassiopeia
HD 216538,-9.132,4380,40.1673605970434,17,Lacerta
HD 210221,-3.829,25,53.3074366651659,28,Lacerta
55 Cygni,-2.529,148,46.1141344352363,38,Cygnus
Deneb,1.85,16,45.280338807,39,Cygnus
V4381 Sagittarii,-1.498,32,-21.4495593826805,18,Sagittarius
16 Pegasi,-2.103,8000,25.92513614944,110,Pegasus
Alnilam,-0.78,700,-1.201919136,42,Orion
