col0,col1,col2,col3,col4,col5,col6,col7
chromium-45,chromium,3.5,44.97905,24,titanium-44,-19514.799,363947.76
chromium-43,chromium,1.5,42.997885,24,calcium-40,-1970,330240
chromium-50,chromium,0,49.946041443,24,titanium-50,-50262.072,435051.6
chromium-51,chromium,3.5,50.944764652,24,vanadium-51,-51451.395,444312.255
