col0,col1,col2,col3,col4,col5
HD 155915,9.355,-60.4576358010567,11.3,259.5610289594901,Ara
V* V2581 Oph,7.27,1.3131677779999,5.5,250.3712792508312,Ophiuchus
V* V2317 Oph,12.729,5.615209329705,108,266.3318472921709,Ophiuchus
V* V2578 Oph,8.382,-13.6416612216374,5.89,246.0825456595747,Ophiuchus
V* V1148 Sco,8.992,-23.3534058312486,24.6,239.3929436098978,Scorpius
