col0,col1,col2,col3,col4,col5
V* EQ Cet,22.2189353174642,Cetus,J2000.0,3.5107,17.97
V* LW Cam,106.0417795870407,Camelopardalis,J2000.0,1.8467,15.658
SDSS J134441.83+204408.3,206.1743068407317,Boötes,J2000.0,1.6936,17.89
V* V808 Aur,107.8583610894426,Auriga,J2000.0,4.6218,16.25
