col0,col1,col2,col3,col4,col5,col6,col7
Cl* NGC 5139 SAW V220,Centaurus,22,201.7025542,16.981,13200,SX Phoenicis variable,-47.3617806
[MLF2014] 335837,Centaurus,42,201.559846999928,17.328,22000,SX Phoenicis variable,-47.3983842329836
[SP2014] NGC5139 BSS46,Centaurus,24,201.7625208,17.311,17400,SX Phoenicis variable,-47.4627528
Cl* NGC 5139 SAW V204,Centaurus,21,201.7829458,17.05,15000,SX Phoenicis variable,-47.6181833
