col0,col1,col2,col3,col4,col5
HD 74071,5.439,-25.788,15,J2000.0,-53.439759578593
53 Arietis,6.117,-23.268,16.9,J2000.0,17.879991992241
Gamma Pegasi,2.84,2.472,3.2,J2000.0,15.18359354417
16 Lacertae A,5.587,-4.29,-11.6,J2000.0,41.6038744994105
Alpha Lupi,2.286,-23.67,5.4,J2000.0,-47.38819874611
HD 171344,9.45,-1.885,39.5,J2000.0,-13.8701103924728
V* BV Cru,8.6,-4.654,-28,J2000.0,-60.3535683220781
V* EF Cru,10.174,-4.819,-23,J2000.0,-60.3776417454253
NGC 4755 202,10.024,-4.484,0,J2000.0,-60.3662762337541
