col0,col1,col2,col3,col4,col5
A0620-00,-0.3456359524862,-5.204,X-ray binary,Monoceros,95.6855917981057
U Orionis,20.1751917707963,-10.854,star,Orion,88.9548708001836
T Pyxidis,-32.3798620403259,-2.531,star,Pyxis,136.1729425284315
V842 Centauri,-57.6264972743785,-13.957,star,Centaurus,218.9690341838128
V603 Aquilae,0.5841264197088,-9.384,star,Aquila,282.2276537994968
FH Serpentis,2.6144517829353,-3.047,star,Serpens,277.6960000357225
DQ Herculis,45.8590457360375,-0.948,star,Hercules,271.8760461480006
DK Lacertae,53.2888331339011,-1.945,star,Lacerta,342.4455478580994
Q Cygni,42.84139977033472,-1.693,star,Cygnus,325.433032063485
