col0,col1,col2,col3
gallium-85,701675,84.95722,-1
gallium-84,697788,83.95267,-1
gallium-81,687151.917,80.938133842,-1
gallium-79,675928.977,78.932852301,-1
gallium-78,669015.906,77.931608845,1
gallium-77,663231.03,76.9291543,-1
gallium-76,655463.976,75.928827625,1
gallium-75,649560.6,74.926500246,-1
gallium-74,641074.358,73.926945726,-1
gallium-73,634652.729,72.925174682,-1
gallium-72,625470.408,71.926367434,-1
gallium-70,609649.6,69.926021917,1
