col0,col1,col2,col3,col4,col5
2MASS J14023175+0148301,-0.00039,1.8084189825968,Virgo,10.3,23.4276
2MASS J12212770+0257198,-0.00015,2.9554921015161,Virgo,-8,53.9501
2MASS J11555389+0559577,0.00013,5.9993611,Virgo,136.8,57.9
2MASS J00540655-0031018,-0.00026,-0.5172733549265,Cetus,-5.7,19.2561
