col0,col1,col2,col3
TYC 3557-2037-1,203,45.4199140566496,0.14
TYC 3141-2904-1,133,40.6535766725796,-0.05
TYC 3547-1116-1,121,48.5244431066725,-0.18
V* CY Cnc,90,19.9897492879166,0.26
V* BY Cnc,142,18.9343755003751,0.15
