col0,col1,col2,col3
IC 4374,ACO 3581,-27.017859213778,211.874009352167
Messier 77,[TSK2008] 890,-0.0132889,40.6698792
NGC 2325,[TSK2008] 629,-28.697235670167,105.668344449542
NGC 5090,[TSK2008] 447,-43.7046775,200.30351958
Sombrero Galaxy,[TSK2008] 31,-11.623054278,189.997632708
IC 4374,[TSK2008] 2581,-27.017859213778,211.874009352167
Circinus Galaxy,[TSK2008] 253,-65.3390194,213.291275
