col0,col1,col2,col3,col4
cobalt-55,17.53,54.941996531,-54029.883,3.5
cobalt-54,193.28,53.948459192,-48009.953,0
cobalt-53,240,52.954203217,-42659.428,3.5
cobalt-52,115,51.963112,-34360.951,6
