col0,col1,col2,col3,col4,col5,col6
americium-234,2.32,1769976,95,234.047731,139,44461
americium-233,3.2,1763111,95,233.046445,138,43263
americium-232,79,1754848,95,232.046527,137,43340
thorium-230,75400,1755129.08,90,230.033132358,140,30862.593
