col0,col1,col2,col3,col4
X LMC X-3,84.73596876895374,17.2,high mass X-ray binary,310
LMC X-1,84.9117858044154,14.5,high mass X-ray binary,221
Vela X-1,135.5285878067474,6.87,high mass X-ray binary,99.04
LS I +61 303,40.1319341179735,10.75,high mass X-ray binary,-41.41
HD 49798,102.019583649332,8.287,high mass X-ray binary,12.1
SS 433,287.9565191240419,13,high mass X-ray binary,27
Centaurus X-3,170.3128834862825,12.8929,high mass X-ray binary,39
Cygnus X-1,299.590315913862,8.91,high mass X-ray binary,-2.7
A0620-00,95.6855917981057,11.2,high mass X-ray binary,-5
