col0,col1,col2,col3,col4,col5
Maia,-1.34,8020000,3.87,24.36774621111,7.4
Pollux,1.09,12100000,1.14,28.02619889,3.83
HD 120084,0.966,15300000,5.899,78.06443868192305,-8.8
Formosa,0.96,14500000,6.438,20.44154546439028,-4.85
HD 223524,1.075,14100000,5.936,-9.9741380815224,-16.78
Theta Piscium,0.844,13400000,4.3,6.37899222194,6.49
