col0,col1,col2,col3
G 161-71,13.1277,146.2258021382188,J2000.0
LP 71-82,7.7829,270.5691862061581,J2000.0
GJ 3737,6.6736,189.70457636373334,J2000.0
Ross 47,5.7901,85.53861373557834,J2000.0
Abell 33,958.957,144.78809037259794,J2000.0
GM Lupi,176.286,226.1787364291643,J2000.0
GG Lupi,143.3815,229.7348995324673,J2000.0
Sigma Pegasi,26.9346,343.100310364752,J2000.0
Phi Pegasi,129.8836,358.1220329559467,J2000.0
HR Peg,424.9894,343.6484466455954,J2000.0
