col0,col1,col2,col3,col4,col5,col6,col7
Rho Piscium,19.1723484982154,39.0724,-26.056,5.344,F-type main-sequence star,6817,13180
87 Piscium,16.1334908612178,5.6996,-29.544,5.962,Ap and Bp stars,12560,14450
HD 8949,7.9613549894662,8.3801,-7.471,6.214,double star,4805,720
HD 17086,60.5707635306336,1.1691,0.464,6.525,variable star,8221,550
