col0,col1,col2,col3,col4,col5
KOI-1890,6119,2170000,7.2,Cygnus,293.0794775707234
KOI-279,6298,2180000,12.9,Cygnus,295.48655351854126
Kepler-31,6088,2200000,112.1,Cygnus,294.0230291837692
Kepler-23,5823,2160000,1.4,Cygnus,294.21889814006204
