col0,col1,col2,col3,col4
iridium-197,120,196.969657233,iridium,1
iridium-196,119,195.968399696,iridium,-1
iridium-195,118,194.965976967,iridium,1
iridium-194,117,193.965075773,iridium,-1
