col0,col1,col2,col3
East Rochester,1.33,6587,436
Harrison,44.978916,27422,22
Spencerport,1.5,3601,550
Wolcott,5.093919,1701,115
Hudson Falls,4.977384,6927,90
Springville,9.539053,4596,405
Briarcliff Manor,17.581758,7867,107
Watkins Glen,5.03074,1859,141
Farmingdale,2.902586,8189,21
Plandome,1.304923,1349,22
Mineola,4.867133,18799,33
Sloatsburg,6.48919,3152,105
Port Jefferson,7.989571,7837,12
Freeport,4.8,43713,6
Scotia,4.6,7729,243
