col0,col1,col2,col3
gallium-66,572177.826,65.931589832,1
gallium-65,563040.4,64.932734395,-1
gallium-64,551144.384,63.936840365,1
gallium-63,540787.338,62.939294195,-1
gallium-62,528155.804,61.944189757,1
gallium-61,515232.291,60.949398859,-1
gallium-60,499620,59.957498,1
