col0,col1,col2,col3
silicon-30,0.03092,-24432.96,1
ruthenium-101,0.1706,-87958.114,1
molybdenum-94,0.0915,-88414.065,1
manganese-55,1,-57712.413,-1
magnesium-26,0.1101,-16214.542,1
dysprosium-164,0.2826,-65967.965,1
dysprosium-163,0.24896,-66381.17,-1
dysprosium-162,0.25475,-68181.478,1
dysprosium-161,0.18889,-68055.801,1
dysprosium-160,0.02329,-69672.73,1
dysprosium-158,0.00095,-70407.349,1
dysprosium-156,0.00056,-70528.964,1
chromium-53,0.09501,-55286.999,-1
lithium-7,0.9241,14907.10529,-1
