col0,col1,col2,col3,col4,col5,col6,col7
V* V1069 Sco,-0.102,-39.4664030262926,NGC 6242,8.61,81.23,J2000.0,0.7856
HD 144548,-24.404,-22.0601543699078,Upper Scorpius,8.752,15.6,J2000.0,6.8719
NGC 6819 665,-3.724,40.1576052704338,NGC 6819,15.17,5.167,J2000.0,0.367
NGC 6819 259,-4.05,40.216735586885,NGC 6819,15.651,0.592,J2000.0,0.3431
NSV 3161,-13.738,10.0403115482619,NGC 2264,12.11,15,J2000.0,1.7557
OGLE SMC-ECL- 5555,-1.37,-72.2651158724542,Small Magellanic Cloud,15.38,207,J2000.0,0.2227
OGLE SMC-ECL- 2323,-3.244,-72.6800186881422,Small Magellanic Cloud,15.44,191,J2000.0,1.2835
2dFS 1418,-1.343,-72.0923623339092,Small Magellanic Cloud,15.06,157,J2000.0,0.0101
CD-46 9495,-27.462,-47.0079955604835,Scorpius–Centaurus Association,9.986,-24.2,J2000.0,8.7419
