col0,col1,col2,col3,col4
4U 1758-25,209.1481,270.290545392466,Sagittarius,11.2071
V* V1101 Sco,9.2,256.4353816372559,Scorpius,18.6
Scorpius X-1,2.8,244.979453644108,Scorpius,11.1
4U 0614+091,2.2,94.28042,Orion,18.5
