col0,col1,col2,col3,col4,col5
CRTS J040125.5-020052,Algol variable,0.836,1789.2288,60.3565845623107,J2000.0
EC 14262-1359,RR Lyrae variable,-6.812,6.87,217.2362370294144,J2000.0
FASTT 423,W Ursae Majoris variable,-2.195,5.9,124.3180289532514,J2000.0
HE 1306-0813,RR Lyrae variable,-2.588,12.35,197.3853548340308,J2000.0
2MASS J00182465-1914113,RR Lyrae variable,1.805,9.54,4.6026998522597,J2000.0
HE 2138-1927,RR Lyrae variables w asymmetric light curves,-4.249,12.68,325.23895330724,J2000.0
