col0,col1,col2,col3
W Eri,26,-25.1339712881469,725.6894
S Crt,32,-7.5966888128029,377.9575
R Ursae Minoris,-22,72.280323270288,386.9969
X Ophiuchi,-71.46,8.8341108938832,214.7582
