col0,col1,col2,col3,col4,col5,col6
cadmium-105,55.5,cadmium,-84333.839,silver-105,104.909463895,2.5
cadmium-109,461.4,cadmium,-88504.321,silver-109,108.904986698,2.5
cadmium-107,6.5,cadmium,-86990.261,silver-107,106.906612108,2.5
cadmium-108,1900000000000000000,cadmium,-89252.414,palladium-108,107.904183587,0
cadmium-106,360000000000000000000,cadmium,-87132.138,palladium-106,105.906459797,0
cadmium-115,53.46,cadmium,-88084.479,indium-115,114.905437417,0.5
cadmium-102,5.5,cadmium,-79659.691,silver-102,101.914481799,0
