col0,col1,col2,col3,col4,col5,col6,col7
V* DE Ara,-69.05,258.8889432056851,long period variable,9,Mira variable,4905.64,J2000.0
V* V580 Car,73.31,136.2617638547416,long period variable,3,Mira variable,3743.63,J2000.0
IRAS 19555-3430,100.36,299.6769768140943,long period variable,3,Mira variable,2097.12,J2000.0
V* DF Pav,10.98,274.765729788656,long period variable,3,Mira variable,3272.33,J2000.0
V* OU Sgr,15.48,283.6103104399797,long period variable,3,Mira variable,2401.38,J2000.0
V* V498 CrA,-436.89,272.2717308795366,Mira variable,5,Mira variable,1831.28,J2000.0
V* V983 Sgr,-24.88,293.1866518770773,long period variable,3,Mira variable,1945.37,J2000.0
